fips,case,death
1001.0,2020-03-24,2020-04-06
1003.0,2020-03-14,2020-04-01
1005.0,2020-04-03,2020-04-29
1007.0,2020-03-30,2020-05-08
1009.0,2020-03-25,2020-05-17
1011.0,2020-03-26,2020-05-06
1013.0,2020-03-25,2020-04-26
1015.0,2020-03-18,2020-04-16
1017.0,2020-03-19,2020-03-29
1019.0,2020-03-25,2020-05-22
1021.0,2020-03-25,2020-04-22
1023.0,2020-03-26,2020-05-12
1025.0,2020-04-01,2020-04-20
1027.0,2020-03-25,2020-04-23
1029.0,2020-03-25,2020-04-19
1031.0,2020-04-02,2020-04-21
1033.0,2020-03-25,2020-04-06
1035.0,2020-04-01,2020-05-21
1037.0,2020-03-26,2020-04-13
1039.0,2020-03-27,2020-04-16
1041.0,2020-03-26,2020-05-11
1043.0,2020-03-20,2020-04-01
1045.0,2020-04-01,2020-07-08
1047.0,2020-03-25,2020-04-15
1049.0,2020-03-26,2020-04-16
1051.0,2020-03-13,2020-04-17
1053.0,2020-03-27,2020-04-21
1055.0,2020-03-25,2020-04-01
1057.0,2020-03-30,2020-06-18
1059.0,2020-03-23,2020-04-14
1061.0,2020-04-12,2020-07-20
1063.0,2020-03-27,2020-04-28
1065.0,2020-03-30,2020-04-18
1067.0,2020-04-03,2020-04-24
1069.0,2020-03-23,2020-04-01
1071.0,2020-03-20,2020-03-25
1073.0,2020-03-13,2020-04-01
1075.0,2020-03-20,2020-06-05
1077.0,2020-03-20,2020-03-26
1079.0,2020-03-25,2020-08-05
1081.0,2020-03-15,2020-03-30
1083.0,2020-03-13,2020-07-07
1085.0,2020-03-26,2020-04-22
1087.0,2020-03-29,2020-04-06
1089.0,2020-03-17,2020-03-26
1091.0,2020-03-26,2020-04-07
1093.0,2020-03-21,2020-04-01
1095.0,2020-03-25,2020-04-06
1097.0,2020-03-19,2020-03-27
1099.0,2020-03-28,2020-04-07
1101.0,2020-03-13,2020-03-31
1103.0,2020-03-24,2020-05-12
1105.0,2020-04-09,2020-07-01
1107.0,2020-03-25,2020-04-21
1109.0,2020-03-25,2020-06-05
1111.0,2020-03-27,2020-04-03
1113.0,2020-03-25,2020-07-22
1115.0,2020-03-17,2020-05-06
1117.0,2020-03-15,2020-03-31
1119.0,2020-03-30,2020-04-22
1121.0,2020-03-18,2020-04-13
1123.0,2020-03-23,2020-03-30
1125.0,2020-03-13,2020-04-19
1127.0,2020-03-19,2020-05-19
1129.0,2020-03-20,2020-04-01
1131.0,2020-03-25,2020-04-19
1133.0,2020-03-27,2020-05-14
2013.0,2020-06-09,2021-02-19
2016.0,2020-06-04,2021-11-08
2020.0,2020-03-12,2020-03-27
2050.0,2020-04-07,2020-08-22
2068.0,2020-06-25,2021-09-24
2070.0,2020-05-31,2020-11-24
2090.0,2020-03-16,2020-04-04
2100.0,2020-06-09,2021-10-28
2110.0,2020-03-23,2020-06-26
2122.0,2020-03-18,2020-05-06
2130.0,2020-03-17,2021-01-02
2150.0,2020-04-16,2020-12-04
2158.0,2020-07-03,2020-11-24
2170.0,2020-03-23,2020-04-14
2180.0,2020-04-15,2021-10-15
2185.0,2020-05-28,2020-12-04
2188.0,2020-05-20,2021-01-26
2195.0,2020-04-06,2021-07-23
2198.0,2020-04-11,2020-10-29
2220.0,2020-04-26,2021-06-11
2230.0,2020-10-16,
2240.0,2020-04-03,2020-10-30
2261.0,2020-05-07,2020-10-15
2275.0,2020-06-08,2021-11-29
2290.0,2020-04-02,2020-07-27
2997.0,2020-05-20,2021-11-24
2998.0,2020-07-24,2020-12-09
4001.0,2020-03-21,2020-04-08
4003.0,2020-03-21,2020-05-08
4005.0,2020-03-18,2020-03-24
4007.0,2020-03-28,2020-05-08
4009.0,2020-03-14,2020-05-27
4011.0,2020-03-30,2020-06-01
4012.0,2020-03-26,2020-04-15
4013.0,2020-01-26,2020-03-20
4015.0,2020-03-26,2020-04-05
4017.0,2020-03-17,2020-04-02
4019.0,2020-03-09,2020-03-27
4021.0,2020-03-06,2020-04-09
4023.0,2020-03-19,2020-06-02
4025.0,2020-03-19,2020-04-06
4027.0,2020-03-20,2020-04-13
5001.0,2020-03-29,2020-07-18
5003.0,2020-03-29,2020-06-11
5005.0,2020-03-27,2020-09-04
5007.0,2020-03-19,2020-05-29
5009.0,2020-03-19,2020-06-23
5011.0,2020-03-18,2020-04-19
5013.0,2020-07-02,2020-11-25
5015.0,2020-04-01,2020-05-29
5017.0,2020-03-26,2020-06-11
5019.0,2020-03-19,2020-08-04
5021.0,2020-04-06,2020-06-20
5023.0,2020-03-16,2020-03-24
5025.0,2020-03-16,2020-07-24
5027.0,2020-03-24,2020-05-02
5029.0,2020-03-24,2020-03-28
5031.0,2020-03-19,2020-04-15
5033.0,2020-03-24,2020-06-30
5035.0,2020-03-19,2020-04-06
5037.0,2020-03-24,2020-06-17
5039.0,2020-04-04,2020-08-11
5041.0,2020-03-16,2020-06-30
5043.0,2020-03-25,2020-04-10
5045.0,2020-03-18,2020-04-02
5047.0,2020-04-06,2020-07-03
5049.0,2020-04-23,2020-09-04
5051.0,2020-03-15,2020-05-06
5053.0,2020-03-19,2020-08-26
5055.0,2020-03-19,2020-07-24
5057.0,2020-03-29,2020-04-09
5059.0,2020-03-24,2020-07-04
5061.0,2020-03-26,2020-04-21
5063.0,2020-03-19,2020-08-04
5065.0,2020-04-06,2020-06-02
5067.0,2020-04-13,2020-07-22
5069.0,2020-03-11,2020-04-06
5071.0,2020-03-28,2020-08-05
5073.0,2020-04-03,2020-04-26
5075.0,2020-03-24,2020-04-04
5077.0,2020-04-01,2020-04-14
5079.0,2020-03-16,2020-05-02
5081.0,2020-05-16,2020-07-16
5083.0,2020-04-06,2020-05-03
5085.0,2020-03-26,2020-06-26
5087.0,2020-04-08,2020-07-11
5089.0,2020-04-10,2020-10-13
5091.0,2020-03-31,2020-04-22
5093.0,2020-04-02,2020-05-19
5095.0,2020-04-02,2020-10-21
5097.0,2020-04-28,2020-08-06
5099.0,2020-03-29,2020-06-16
5101.0,2020-03-30,2020-07-30
5103.0,2020-04-02,2020-07-17
5105.0,2020-03-29,2020-08-28
5107.0,2020-04-05,2020-04-12
5109.0,2020-03-24,2020-07-27
5111.0,2020-03-19,2020-04-28
5113.0,2020-03-19,2020-06-03
5115.0,2020-03-19,2020-05-21
5117.0,2020-04-03,2020-09-03
5119.0,2020-03-12,2020-03-24
5121.0,2020-03-26,2020-06-18
5123.0,2020-03-30,2020-05-22
5125.0,2020-03-15,2020-04-05
5127.0,2020-03-31,2020-09-10
5129.0,2020-03-19,2020-09-23
5131.0,2020-03-19,2020-06-03
5133.0,2020-03-19,2020-04-29
5135.0,2020-04-02,2020-05-07
5137.0,2020-03-24,2020-07-07
5139.0,2020-03-24,2020-05-06
5141.0,2020-03-19,2020-03-29
5143.0,2020-03-18,2020-04-22
5145.0,2020-03-24,2020-04-20
5147.0,2020-03-24,2020-11-25
5149.0,2020-04-05,2020-05-04
6001.0,2020-03-01,2020-03-23
6003.0,2020-03-30,
6005.0,2020-03-20,2020-08-06
6007.0,2020-03-21,2020-06-01
6009.0,2020-03-24,2020-07-21
6011.0,2020-03-27,2020-07-21
6013.0,2020-03-03,2020-03-20
6015.0,2020-04-02,2020-08-17
6017.0,2020-03-21,2020-07-20
6019.0,2020-03-07,2020-04-03
6021.0,2020-03-28,2020-07-24
6023.0,2020-02-20,2020-05-21
6025.0,2020-03-20,2020-04-05
6027.0,2020-03-25,2020-04-02
6029.0,2020-03-17,2020-03-27
6031.0,2020-03-27,2020-04-11
6033.0,2020-04-06,2020-07-04
6035.0,2020-05-23,2020-10-12
6037.0,2020-01-26,2020-03-11
6039.0,2020-03-07,2020-03-27
6041.0,2020-02-26,2020-03-27
6043.0,2020-04-28,2020-05-15
6045.0,2020-03-18,2020-07-21
6047.0,2020-03-24,2020-04-05
6049.0,2020-07-29,2020-12-30
6051.0,2020-03-24,2020-03-31
6053.0,2020-03-17,2020-03-21
6055.0,2020-02-26,2020-03-31
6057.0,2020-03-16,2020-04-03
6059.0,2020-01-25,2020-03-25
6061.0,2020-03-02,2020-03-04
6063.0,2020-03-31,2020-12-25
6065.0,2020-03-07,2020-03-16
6067.0,2020-02-21,2020-03-10
6069.0,2020-03-13,2020-03-17
6071.0,2020-03-15,2020-03-24
6073.0,2020-02-10,2020-03-24
6075.0,2020-02-02,2020-03-25
6077.0,2020-03-10,2020-03-18
6079.0,2020-03-14,2020-04-04
6081.0,2020-03-02,2020-03-15
6083.0,2020-03-15,2020-04-02
6085.0,2020-01-31,2020-03-09
6087.0,2020-03-07,2020-03-29
6089.0,2020-03-09,2020-03-25
6091.0,2020-05-22,2022-02-24
6093.0,2020-03-21,2020-11-10
6095.0,2020-02-24,2020-04-02
6097.0,2020-02-26,2020-03-20
6099.0,2020-03-11,2020-04-10
6101.0,2020-03-25,2020-04-02
6103.0,2020-04-03,2020-04-24
6105.0,2020-05-10,2020-12-08
6107.0,2020-03-12,2020-03-28
6109.0,2020-03-29,2020-07-27
6111.0,2020-03-10,2020-03-22
6113.0,2020-03-06,2020-03-22
6115.0,2020-03-21,2020-04-08
8001.0,2020-03-12,2020-03-31
8003.0,2020-03-27,2020-04-09
8005.0,2020-03-09,2020-03-26
8007.0,2020-03-30,2021-01-20
8009.0,2020-03-28,2020-12-24
8011.0,2020-05-10,2020-11-21
8013.0,2020-03-14,2020-03-27
8014.0,2020-03-20,2020-03-31
8015.0,2020-03-21,2020-03-26
8017.0,2020-05-07,2020-12-03
8019.0,2020-03-13,2020-04-21
8021.0,2020-05-07,2020-11-06
8023.0,2020-03-27,2020-08-31
8025.0,2020-03-19,2020-03-19
8027.0,2020-04-02,2021-01-02
8029.0,2020-03-24,2020-04-08
8031.0,2020-03-06,2020-03-25
8033.0,2020-07-17,2021-05-23
8035.0,2020-03-05,2020-04-02
8037.0,2020-03-06,2020-03-21
8039.0,2020-03-21,2020-04-04
8041.0,2020-03-06,2020-03-12
8043.0,2020-03-24,2020-09-09
8045.0,2020-03-15,2020-03-30
8047.0,2020-04-09,2020-12-01
8049.0,2020-03-19,2020-06-29
8051.0,2020-03-10,2020-03-23
8053.0,2020-03-21,
8055.0,2020-03-24,2020-07-01
8057.0,2020-06-25,
8059.0,2020-03-05,2020-03-25
8061.0,2020-09-24,2020-12-15
8063.0,2020-03-26,2020-04-14
8065.0,2020-03-31,2021-03-12
8067.0,2020-03-23,2020-05-09
8069.0,2020-03-09,2020-03-25
8071.0,2020-04-03,2020-10-16
8073.0,2020-03-27,2020-12-09
8075.0,2020-03-23,2020-04-17
8077.0,2020-03-14,2020-07-23
8079.0,2020-03-29,2020-12-09
8081.0,2020-03-28,2020-07-10
8083.0,2020-03-29,2020-04-02
8085.0,2020-03-21,2020-04-03
8087.0,2020-03-19,2020-04-17
8089.0,2020-03-25,2020-04-24
8091.0,2020-04-04,2020-04-09
8093.0,2020-03-20,2020-07-17
8095.0,2020-03-30,2020-11-07
8097.0,2020-03-11,2020-03-28
8099.0,2020-04-09,2020-10-27
8101.0,2020-03-13,2020-03-27
8103.0,2020-04-03,2020-11-21
8105.0,2020-03-26,2020-05-21
8107.0,2020-03-13,2020-04-10
8109.0,2020-03-31,2020-05-27
8111.0,2020-05-06,2021-05-02
8113.0,2020-03-20,2021-06-15
8115.0,2020-07-14,2020-07-29
8117.0,2020-03-13,2020-04-12
8119.0,2020-03-23,2020-03-23
8121.0,2020-03-26,2020-11-04
8123.0,2020-03-13,2020-03-17
8125.0,2020-03-18,2020-09-23
9001.0,2020-03-08,2020-03-18
9003.0,2020-03-14,2020-03-22
9005.0,2020-03-12,2020-03-30
9007.0,2020-03-18,2020-03-26
9009.0,2020-03-14,2020-03-25
9011.0,2020-03-20,2020-03-31
9013.0,2020-03-19,2020-03-21
9015.0,2020-03-19,2020-04-04
10001.0,2020-03-18,2020-03-28
10003.0,2020-03-11,2020-03-27
10005.0,2020-03-17,2020-03-26
11001.0,2020-03-07,2020-03-21
12001.0,2020-03-10,2020-04-21
12003.0,2020-03-15,2020-04-07
12005.0,2020-03-21,2020-04-04
12007.0,2020-03-22,2020-04-12
12009.0,2020-03-17,2020-04-07
12011.0,2020-03-06,2020-03-17
12013.0,2020-03-31,2020-05-14
12015.0,2020-03-07,2020-04-03
12017.0,2020-03-15,2020-03-25
12019.0,2020-03-12,2020-03-18
12021.0,2020-03-10,2020-03-29
12023.0,2020-03-22,2020-04-28
12027.0,2020-03-22,2020-03-30
12029.0,2020-04-04,2020-05-19
12031.0,2020-03-12,2020-03-19
12033.0,2020-03-16,2020-04-04
12035.0,2020-03-22,2020-04-02
12037.0,2020-04-03,2020-07-22
12039.0,2020-03-25,2020-05-13
12041.0,2020-04-07,2020-07-27
12043.0,2020-03-29,2020-03-31
12045.0,2020-04-01,2020-07-30
12047.0,2020-04-06,2020-06-08
12049.0,2020-04-01,2020-06-16
12051.0,2020-03-28,2020-04-20
12053.0,2020-03-19,2020-04-07
12055.0,2020-03-21,2020-03-26
12057.0,2020-03-01,2020-03-26
12059.0,2020-03-30,2020-07-12
12061.0,2020-03-19,2020-04-10
12063.0,2020-03-19,2020-05-29
12065.0,2020-04-04,2020-04-12
12067.0,2020-04-08,2020-07-29
12069.0,2020-03-16,2020-04-02
12071.0,2020-03-06,2020-03-06
12073.0,2020-03-18,2020-04-17
12075.0,2020-03-27,2020-05-30
12077.0,2020-04-10,2020-06-02
12079.0,2020-04-01,2020-04-20
12081.0,2020-03-01,2020-03-17
12083.0,2020-03-21,2020-04-05
12085.0,2020-03-19,2020-04-08
12086.0,2020-03-11,2020-03-27
12087.0,2020-03-20,2020-04-02
12089.0,2020-03-10,2020-05-02
12091.0,2020-03-07,2020-03-30
12093.0,2020-04-01,2020-07-11
12095.0,2020-03-13,2020-03-16
12097.0,2020-03-13,2020-03-30
12099.0,2020-03-12,2020-03-22
12101.0,2020-03-10,2020-03-22
12103.0,2020-03-10,2020-03-24
12105.0,2020-03-17,2020-03-31
12107.0,2020-03-21,2020-04-03
12109.0,2020-03-11,2020-03-23
12111.0,2020-03-21,2020-03-27
12113.0,2020-03-05,2020-03-06
12115.0,2020-03-12,2020-03-25
12117.0,2020-03-12,2020-04-04
12119.0,2020-03-18,2020-04-02
12121.0,2020-03-27,2020-04-13
12123.0,2020-04-07,2020-07-01
12125.0,2020-03-31,2020-05-29
12127.0,2020-03-07,2020-03-28
12129.0,2020-03-29,2020-04-12
12131.0,2020-03-18,2020-05-04
12133.0,2020-03-26,2020-05-16
13001.0,2020-03-30,2020-04-21
13003.0,2020-04-06,2020-04-29
13005.0,2020-03-29,2020-04-16
13007.0,2020-03-24,2020-03-24
13009.0,2020-03-21,2020-03-30
13011.0,2020-03-30,2020-05-29
13013.0,2020-03-22,2020-03-22
13015.0,2020-03-11,2020-03-22
13017.0,2020-03-24,2020-05-14
13019.0,2020-03-30,2020-06-05
13021.0,2020-03-19,2020-04-01
13023.0,2020-03-30,2020-06-15
13025.0,2020-04-06,2020-04-07
13027.0,2020-03-29,2020-04-08
13029.0,2020-03-24,2020-04-01
13031.0,2020-03-28,2020-04-11
13033.0,2020-03-23,2020-04-09
13035.0,2020-03-22,2020-04-20
13037.0,2020-03-26,2020-04-01
13039.0,2020-03-24,2020-04-23
13043.0,2020-03-29,2020-07-22
13045.0,2020-03-20,2020-03-30
13047.0,2020-03-23,2020-06-16
13049.0,2020-03-10,2020-05-11
13051.0,2020-03-20,2020-03-30
13053.0,2020-03-27,2020-06-18
13055.0,2020-03-22,2020-04-06
13057.0,2020-03-08,2020-03-27
13059.0,2020-03-15,2020-03-27
13061.0,2020-03-30,2020-04-06
13063.0,2020-03-15,2020-03-22
13065.0,2020-03-22,2020-05-15
13067.0,2020-03-07,2020-03-12
13069.0,2020-03-22,2020-04-07
13071.0,2020-03-24,2020-03-31
13073.0,2020-03-18,2020-04-17
13075.0,2020-03-30,2020-04-16
13077.0,2020-03-14,2020-03-24
13079.0,2020-04-05,2020-08-24
13081.0,2020-03-24,2020-04-13
13083.0,2020-03-30,2020-04-03
13085.0,2020-03-20,2020-04-06
13087.0,2020-03-25,2020-04-19
13089.0,2020-03-09,2020-03-27
13091.0,2020-03-25,2020-04-27
13093.0,2020-03-30,2020-04-04
13095.0,2020-03-15,2020-03-18
13097.0,2020-03-20,2020-03-27
13099.0,2020-03-19,2020-03-19
13101.0,2020-04-06,2020-07-30
13103.0,2020-03-19,2020-04-05
13105.0,2020-04-03,2020-07-21
13107.0,2020-03-31,2020-05-08
13109.0,2020-04-12,2020-07-23
13111.0,2020-03-24,2020-04-20
13113.0,2020-03-09,2020-03-19
13115.0,2020-03-09,2020-03-19
13117.0,2020-03-16,2020-03-24
13119.0,2020-03-26,2020-04-30
13121.0,2020-03-02,2020-03-19
13123.0,2020-03-30,2020-05-12
13125.0,2020-05-07,2020-08-11
13127.0,2020-03-19,2020-04-23
13129.0,2020-03-13,2020-03-24
13131.0,2020-03-31,2020-04-14
13133.0,2020-03-24,2020-04-07
13135.0,2020-03-07,2020-03-20
13137.0,2020-03-27,2020-04-10
13139.0,2020-03-16,2020-04-15
13141.0,2020-04-07,2020-04-28
13143.0,2020-03-26,2020-04-13
13145.0,2020-03-23,2020-04-09
13147.0,2020-03-27,2020-07-29
13149.0,2020-03-20,2020-03-24
13151.0,2020-03-13,2020-03-21
13153.0,2020-03-18,2020-03-27
13155.0,2020-03-24,2020-04-22
13157.0,2020-03-25,2020-04-08
13159.0,2020-03-24,2020-05-21
13161.0,2020-04-06,2020-04-20
13163.0,2020-03-30,2020-04-09
13165.0,2020-03-28,2020-04-08
13167.0,2020-03-30,2020-04-09
13169.0,2020-03-25,2020-07-15
13171.0,2020-03-20,2020-04-28
13173.0,2020-04-01,2020-04-14
13175.0,2020-03-19,2020-04-10
13177.0,2020-03-11,2020-03-24
13179.0,2020-03-23,2020-06-02
13181.0,2020-03-20,2020-05-18
13183.0,2020-03-25,2020-05-21
13185.0,2020-03-11,2020-03-27
13187.0,2020-03-21,2020-04-27
13189.0,2020-03-26,2020-04-02
13191.0,2020-03-30,2020-05-30
13193.0,2020-03-24,2020-04-20
13195.0,2020-03-23,2020-03-30
13197.0,2020-04-03,2020-04-17
13199.0,2020-03-24,2020-04-28
13201.0,2020-03-20,2020-09-02
13205.0,2020-03-24,2020-03-30
13207.0,2020-03-20,2020-04-04
13209.0,2020-04-11,2020-08-02
13211.0,2020-03-23,2020-08-15
13213.0,2020-03-28,2020-05-01
13215.0,2020-03-20,2020-04-06
13217.0,2020-03-15,2020-04-03
13219.0,2020-03-20,2020-04-07
13221.0,2020-03-31,2020-04-02
13223.0,2020-03-16,2020-04-06
13225.0,2020-03-19,2020-03-29
13227.0,2020-03-20,2020-03-27
13229.0,2020-03-23,2020-04-07
13231.0,2020-03-28,2020-04-15
13233.0,2020-03-06,2020-05-26
13235.0,2020-03-24,2020-04-13
13237.0,2020-04-01,2020-04-17
13239.0,2020-04-03,2020-04-15
13241.0,2020-03-31,2020-04-28
13243.0,2020-03-20,2020-04-06
13245.0,2020-03-17,2020-04-02
13247.0,2020-03-19,2020-03-27
13249.0,2020-03-30,2020-04-06
13251.0,2020-03-31,2020-04-15
13253.0,2020-03-24,2020-04-13
13255.0,2020-03-20,2020-04-01
13257.0,2020-03-24,2020-04-17
13259.0,2020-03-31,2020-05-28
13261.0,2020-03-20,2020-03-28
13263.0,2020-03-30,2020-04-07
13265.0,2020-05-03,2021-02-18
13267.0,2020-03-22,2020-07-24
13269.0,2020-03-25,2020-04-06
13271.0,2020-04-02,2020-05-13
13273.0,2020-03-20,2020-03-24
13275.0,2020-03-25,2020-04-07
13277.0,2020-03-20,2020-04-07
13279.0,2020-03-26,2020-04-02
13281.0,2020-04-03,2020-04-28
13283.0,2020-04-06,2020-06-18
13285.0,2020-03-16,2020-03-27
13287.0,2020-03-20,2020-04-13
13289.0,2020-03-22,2020-05-31
13291.0,2020-04-01,2020-04-09
13293.0,2020-03-27,2020-04-11
13295.0,2020-03-31,2020-06-10
13297.0,2020-03-28,2020-04-05
13299.0,2020-03-25,2020-04-01
13301.0,2020-03-30,2020-08-03
13303.0,2020-03-23,2020-04-17
13305.0,2020-04-04,2020-07-22
13307.0,2020-03-31,2020-04-26
13309.0,2020-03-28,2020-07-25
13311.0,2020-03-25,2020-05-05
13313.0,2020-03-17,2020-03-29
13315.0,2020-03-31,2020-04-18
13317.0,2020-03-25,2020-05-13
13319.0,2020-03-31,2020-04-10
13321.0,2020-03-20,2020-03-27
15001.0,2020-03-17,2020-08-31
15003.0,2020-03-06,2020-03-31
15005.0,2020-12-10,
15007.0,2020-03-14,2020-11-25
15009.0,2020-03-15,2020-04-06
16001.0,2020-03-13,2020-03-28
16003.0,2020-03-31,2020-09-04
16005.0,2020-03-24,2020-06-01
16007.0,2020-06-30,2020-09-21
16009.0,2020-05-25,2020-08-11
16011.0,2020-03-20,2020-07-02
16013.0,2020-03-14,2020-03-26
16015.0,2020-06-25,2020-07-28
16017.0,2020-03-30,2020-10-14
16019.0,2020-03-28,2020-06-14
16021.0,2020-06-26,2020-08-26
16023.0,2020-08-11,2021-01-02
16025.0,2020-03-31,2021-09-30
16027.0,2020-03-20,2020-03-26
16029.0,2020-04-04,2020-10-01
16031.0,2020-03-24,2020-03-31
16033.0,2020-07-19,2022-03-22
16035.0,2020-06-26,2020-12-09
16037.0,2020-03-26,2020-09-21
16039.0,2020-03-30,2020-04-20
16041.0,2020-05-29,2020-10-05
16043.0,2020-03-25,2020-08-19
16045.0,2020-03-27,2020-08-05
16047.0,2020-04-01,2020-06-15
16049.0,2020-03-25,2020-10-21
16051.0,2020-03-25,2020-07-20
16053.0,2020-03-30,2020-04-08
16055.0,2020-03-20,2020-06-18
16057.0,2020-04-01,2020-10-27
16059.0,2020-04-25,2020-10-29
16061.0,2020-07-06,2020-10-01
16063.0,2020-03-28,2020-10-24
16065.0,2020-03-17,2020-09-11
16067.0,2020-03-30,2020-07-20
16069.0,2020-03-25,2020-03-27
16071.0,2020-06-30,2020-12-08
16073.0,2020-03-29,2020-07-31
16075.0,2020-03-25,2020-04-06
16077.0,2020-04-07,2020-09-19
16079.0,2020-07-03,2020-07-29
16081.0,2020-03-14,2020-10-01
16083.0,2020-03-18,2020-04-03
16085.0,2020-03-22,2020-07-16
16087.0,2020-04-02,2020-07-03
17001.0,2020-03-20,2020-05-01
17003.0,2020-04-16,2020-09-03
17005.0,2020-03-29,2020-04-16
17007.0,2020-04-05,2020-04-08
17009.0,2020-05-01,2020-11-12
17011.0,2020-03-27,2020-05-05
17013.0,2020-04-05,2020-12-02
17015.0,2020-03-28,2020-03-30
17017.0,2020-04-20,2020-06-26
17019.0,2020-03-22,2020-04-07
17021.0,2020-03-20,2020-04-02
17023.0,2020-03-30,2020-08-05
17025.0,2020-04-14,2020-10-08
17027.0,2020-03-15,2020-04-24
17029.0,2020-04-07,2020-04-25
17031.0,2020-01-24,2020-03-17
17033.0,2020-03-30,2020-09-02
17035.0,2020-03-14,2020-07-16
17037.0,2020-03-21,2020-04-06
17039.0,2020-04-03,2020-08-20
17041.0,2020-03-25,2020-07-23
17043.0,2020-03-14,2020-03-24
17045.0,2020-05-29,2020-09-03
17047.0,2020-05-13,2020-11-11
17049.0,2020-04-03,2020-04-09
17051.0,2020-03-28,2020-04-12
17053.0,2020-03-31,2020-04-07
17055.0,2020-03-26,2020-08-11
17057.0,2020-04-10,2020-05-04
17059.0,2020-04-05,2020-08-05
17061.0,2020-04-10,2020-08-28
17063.0,2020-03-24,2020-05-08
17065.0,2020-04-18,2020-09-26
17067.0,2020-04-08,2020-06-02
17069.0,2020-04-21,2020-11-27
17071.0,2020-04-17,2020-11-28
17073.0,2020-03-27,2020-06-12
17075.0,2020-03-27,2020-05-04
17077.0,2020-03-18,2020-04-04
17079.0,2020-04-04,2020-04-13
17081.0,2020-04-06,2020-04-22
17083.0,2020-04-03,2020-04-25
17085.0,2020-03-22,2020-05-13
17087.0,2020-04-13,2020-11-13
17089.0,2020-03-10,2020-03-25
17091.0,2020-03-18,2020-04-02
17093.0,2020-03-18,2020-03-29
17095.0,2020-03-29,2020-07-22
17097.0,2020-03-11,2020-03-27
17099.0,2020-03-18,2020-03-28
17101.0,2020-04-07,2020-09-16
17103.0,2020-04-04,2020-05-14
17105.0,2020-03-22,2020-04-20
17107.0,2020-04-02,2020-08-11
17109.0,2020-04-11,2020-05-02
17111.0,2020-03-10,2020-03-26
17113.0,2020-03-20,2020-03-22
17115.0,2020-03-28,2020-04-08
17117.0,2020-04-02,2020-05-05
17119.0,2020-03-18,2020-04-07
17121.0,2020-03-30,2020-09-28
17123.0,2020-03-25,2020-10-09
17125.0,2020-04-04,2020-08-21
17127.0,2020-04-01,2020-08-25
17129.0,2020-03-29,2020-09-25
17131.0,2020-04-02,2020-08-04
17133.0,2020-03-23,2020-04-07
17135.0,2020-03-29,2020-04-05
17137.0,2020-03-25,2020-03-30
17139.0,2020-04-02,2020-08-29
17141.0,2020-03-31,2020-04-09
17143.0,2020-03-16,2020-04-05
17145.0,2020-04-11,2020-06-29
17147.0,2020-04-02,2020-10-28
17149.0,2020-04-04,2020-09-06
17151.0,2020-05-08,2020-08-26
17153.0,2020-04-09,2020-08-09
17155.0,2020-05-16,2021-01-04
17157.0,2020-03-30,2020-04-17
17159.0,2020-04-07,2020-08-20
17161.0,2020-03-22,2020-04-07
17163.0,2020-03-14,2020-03-27
17165.0,2020-03-30,2020-07-29
17167.0,2020-03-14,2020-03-19
17169.0,2020-04-09,2020-10-06
17171.0,2020-07-03,2020-12-12
17173.0,2020-04-07,2020-04-29
17175.0,2020-04-08,2020-09-04
17177.0,2020-03-22,2020-05-17
17179.0,2020-03-26,2020-04-06
17181.0,2020-04-15,2020-05-05
17183.0,2020-04-01,2020-04-29
17185.0,2020-04-06,2020-08-17
17187.0,2020-04-11,2020-08-26
17189.0,2020-03-18,2020-08-13
17191.0,2020-04-17,2020-05-14
17193.0,2020-04-20,2020-10-02
17195.0,2020-03-15,2020-03-31
17197.0,2020-03-16,2020-03-19
17199.0,2020-03-18,2020-05-08
17201.0,2020-03-15,2020-04-01
17203.0,2020-03-14,2020-04-21
18001.0,2020-03-10,2020-04-12
18003.0,2020-03-20,2020-03-23
18005.0,2020-03-16,2020-04-06
18007.0,2020-04-12,2020-11-01
18009.0,2020-04-02,2020-04-15
18011.0,2020-03-10,2020-04-05
18013.0,2020-03-24,2020-04-07
18015.0,2020-03-27,2020-04-14
18017.0,2020-03-31,2020-04-07
18019.0,2020-03-18,2020-04-01
18021.0,2020-03-29,2020-04-22
18023.0,2020-03-27,2020-04-07
18025.0,2020-03-28,2020-04-12
18027.0,2020-04-05,2020-04-08
18029.0,2020-03-24,2020-03-27
18031.0,2020-03-24,2020-03-31
18033.0,2020-03-25,2020-04-15
18035.0,2020-03-21,2020-03-21
18037.0,2020-03-23,2020-05-12
18039.0,2020-03-21,2020-03-31
18041.0,2020-03-18,2020-03-28
18043.0,2020-03-16,2020-04-06
18045.0,2020-03-26,2020-04-02
18047.0,2020-03-17,2020-03-26
18049.0,2020-03-27,2020-04-30
18051.0,2020-03-24,2020-05-21
18053.0,2020-03-20,2020-04-04
18055.0,2020-03-29,2020-04-10
18057.0,2020-03-15,2020-04-01
18059.0,2020-03-21,2020-03-25
18061.0,2020-03-21,2020-04-03
18063.0,2020-03-08,2020-03-27
18065.0,2020-03-27,2020-04-15
18067.0,2020-03-11,2020-03-25
18069.0,2020-03-27,2020-04-02
18071.0,2020-03-24,2020-04-28
18073.0,2020-03-25,2020-03-26
18075.0,2020-04-01,2020-09-30
18077.0,2020-03-31,2020-05-14
18079.0,2020-03-18,2020-03-20
18081.0,2020-03-11,2020-03-17
18083.0,2020-03-29,2020-08-13
18085.0,2020-03-27,2020-04-09
18087.0,2020-03-27,2020-04-07
18089.0,2020-03-17,2020-03-28
18091.0,2020-03-14,2020-04-02
18093.0,2020-03-24,2020-04-01
18095.0,2020-03-18,2020-03-22
18097.0,2020-03-06,2020-03-16
18099.0,2020-03-26,2020-04-22
18101.0,2020-04-04,2020-11-10
18103.0,2020-03-21,2020-05-02
18105.0,2020-03-22,2020-04-12
18107.0,2020-03-24,2020-05-05
18109.0,2020-03-22,2020-03-29
18111.0,2020-03-28,2020-04-06
18113.0,2020-03-09,2020-04-05
18115.0,2020-03-24,2020-07-17
18117.0,2020-03-26,2020-04-04
18119.0,2020-03-19,2020-04-10
18121.0,2020-04-03,2020-07-30
18123.0,2020-04-10,2020-05-15
18125.0,2020-04-12,2020-08-22
18127.0,2020-03-24,2020-04-08
18129.0,2020-03-26,2020-09-04
18131.0,2020-04-06,2020-06-06
18133.0,2020-03-22,2020-03-26
18135.0,2020-03-27,2020-04-03
18137.0,2020-03-22,2020-03-31
18139.0,2020-03-25,2020-04-03
18141.0,2020-03-11,2020-03-23
18143.0,2020-03-22,2020-03-22
18145.0,2020-03-20,2020-04-06
18147.0,2020-04-02,2020-05-02
18149.0,2020-03-24,2020-04-13
18151.0,2020-03-29,2020-04-08
18153.0,2020-03-24,2020-05-20
18155.0,2020-03-28,2020-11-09
18157.0,2020-03-19,2020-03-27
18159.0,2020-03-22,2020-04-16
18161.0,2020-04-04,2020-11-11
18163.0,2020-03-20,2020-04-07
18165.0,2020-03-28,2020-10-07
18167.0,2020-03-20,2020-03-27
18169.0,2020-03-28,2020-04-22
18171.0,2020-03-26,2020-03-31
18173.0,2020-03-24,2020-04-10
18175.0,2020-03-21,2020-05-06
18177.0,2020-03-19,2020-04-07
18179.0,2020-03-14,2020-06-21
18181.0,2020-03-28,2020-05-07
18183.0,2020-03-27,2020-04-05
19001.0,2020-03-17,2020-08-18
19003.0,2020-05-17,2020-10-28
19005.0,2020-03-15,2020-03-27
19007.0,2020-03-26,2020-04-05
19009.0,2020-03-30,2020-05-12
19011.0,2020-03-25,2020-04-07
19013.0,2020-03-17,2020-04-17
19015.0,2020-03-28,2020-06-15
19017.0,2020-04-02,2020-04-23
19019.0,2020-03-24,2020-06-05
19021.0,2020-04-07,2020-06-01
19023.0,2020-03-27,2020-05-30
19025.0,2020-05-01,2020-06-29
19027.0,2020-03-12,2020-06-04
19029.0,2020-04-13,2020-07-31
19031.0,2020-03-24,2020-05-07
19033.0,2020-03-22,2020-05-21
19035.0,2020-04-21,2020-07-02
19037.0,2020-04-06,2020-09-28
19039.0,2020-04-05,2020-06-06
19041.0,2020-03-31,2020-07-08
19043.0,2020-03-26,2020-04-15
19045.0,2020-03-27,2020-04-26
19047.0,2020-03-30,2020-04-11
19049.0,2020-03-14,2020-05-04
19051.0,2020-04-29,2020-06-08
19053.0,2020-05-27,2020-12-06
19055.0,2020-04-07,2020-05-03
19057.0,2020-03-26,2020-04-26
19059.0,2020-03-27,2020-06-16
19061.0,2020-03-19,2020-03-24
19063.0,2020-05-13,2020-07-24
19065.0,2020-03-21,2020-08-24
19067.0,2020-05-01,2020-05-10
19069.0,2020-04-06,2020-07-21
19071.0,2020-05-08,2020-10-15
19073.0,2020-04-07,2020-12-01
19075.0,2020-04-04,2020-07-21
19077.0,2020-03-30,2020-05-12
19079.0,2020-04-05,2020-06-29
19081.0,2020-03-23,2020-07-06
19083.0,2020-03-27,2020-08-18
19085.0,2020-03-13,2020-08-09
19087.0,2020-03-21,2020-04-05
19089.0,2020-04-04,2020-08-25
19091.0,2020-04-21,2020-06-01
19093.0,2020-05-12,2020-09-24
19095.0,2020-03-27,2020-07-08
19097.0,2020-03-30,2020-07-29
19099.0,2020-03-24,2020-04-29
19101.0,2020-04-02,2020-09-04
19103.0,2020-03-08,2020-04-05
19105.0,2020-03-30,2020-07-12
19107.0,2020-03-28,2020-06-16
19109.0,2020-03-22,2020-11-04
19111.0,2020-04-04,2020-06-10
19113.0,2020-03-21,2020-03-29
19115.0,2020-04-03,2020-04-16
19117.0,2020-05-17,2020-06-01
19119.0,2020-04-03,2020-08-06
19121.0,2020-04-01,2020-04-11
19123.0,2020-03-26,2020-04-20
19125.0,2020-04-06,2020-08-31
19127.0,2020-03-27,2020-04-29
19129.0,2020-04-04,2020-08-12
19131.0,2020-04-01,2020-10-26
19133.0,2020-03-26,2020-08-14
19135.0,2020-05-03,2020-05-15
19137.0,2020-03-27,2020-06-03
19139.0,2020-03-19,2020-03-31
19141.0,2020-04-02,2020-06-09
19143.0,2020-04-10,2020-10-24
19145.0,2020-03-26,2020-11-07
19147.0,2020-05-08,2020-10-12
19149.0,2020-04-03,2020-05-26
19151.0,2020-04-27,2020-06-20
19153.0,2020-03-15,2020-04-01
19155.0,2020-03-09,2020-04-13
19157.0,2020-03-22,2020-03-27
19159.0,2020-05-19,2020-07-09
19161.0,2020-05-01,2020-10-07
19163.0,2020-03-22,2020-04-05
19165.0,2020-03-28,2020-07-30
19167.0,2020-03-22,2020-07-23
19169.0,2020-03-21,2020-04-28
19171.0,2020-03-22,2020-04-06
19173.0,2020-03-28,2020-08-27
19175.0,2020-04-10,2020-07-15
19177.0,2020-03-30,2020-07-13
19179.0,2020-03-23,2020-05-13
19181.0,2020-03-24,2020-06-04
19183.0,2020-03-18,2020-03-30
19185.0,2020-05-01,2020-07-15
19187.0,2020-03-27,2020-05-14
19189.0,2020-04-06,2020-08-18
19191.0,2020-03-18,2020-07-14
19193.0,2020-03-22,2020-04-22
19195.0,2020-04-08,2020-12-03
19197.0,2020-03-27,2020-07-02
20001.0,2020-06-15,2020-09-29
20003.0,2020-05-09,2021-04-18
20005.0,2020-03-30,2020-08-28
20007.0,2020-04-07,2020-11-22
20009.0,2020-03-31,2020-05-06
20011.0,2020-03-23,2020-04-07
20013.0,2020-05-04,2020-09-03
20015.0,2020-03-13,2020-08-04
20017.0,2020-04-17,2020-08-31
20019.0,2020-03-31,2020-11-25
20021.0,2020-03-19,2020-07-07
20023.0,2020-04-29,2020-10-01
20025.0,2020-04-23,2020-07-05
20027.0,2020-03-27,2020-04-27
20029.0,2020-04-02,2020-08-09
20031.0,2020-03-27,2020-04-02
20033.0,2020-05-22,2020-12-04
20035.0,2020-04-02,2020-04-09
20037.0,2020-03-25,2020-03-30
20039.0,2020-07-12,2020-09-28
20041.0,2020-04-14,2020-07-05
20043.0,2020-03-24,2020-11-11
20045.0,2020-03-17,2020-07-22
20047.0,2020-04-22,2021-04-18
20049.0,2020-06-26,2021-04-18
20051.0,2020-04-11,2020-07-17
20053.0,2020-05-04,2020-10-28
20055.0,2020-03-29,2020-04-14
20057.0,2020-03-17,2020-05-04
20059.0,2020-03-14,2020-07-01
20061.0,2020-04-05,2020-06-02
20063.0,2020-03-27,2020-10-07
20065.0,2020-07-06,2020-08-29
20067.0,2020-04-24,2020-06-04
20069.0,2020-04-23,2020-10-29
20071.0,2020-07-12,2021-04-18
20073.0,2020-04-04,2020-11-19
20075.0,2020-04-11,2021-04-18
20077.0,2020-04-30,2020-09-03
20079.0,2020-03-27,2020-05-15
20081.0,2020-04-20,2020-09-16
20083.0,2020-05-22,2020-12-01
20085.0,2020-03-22,2020-05-27
20087.0,2020-03-26,2020-09-15
20089.0,2020-04-04,2020-08-12
20091.0,2020-03-07,2020-03-21
20093.0,2020-04-12,2020-05-19
20095.0,2020-07-06,2020-09-16
20097.0,2020-04-23,2021-01-01
20099.0,2020-03-31,2020-08-12
20101.0,2020-05-22,2020-10-13
20103.0,2020-03-18,2020-04-03
20105.0,2020-07-10,2020-10-14
20107.0,2020-03-19,2020-10-14
20109.0,2020-06-24,2021-04-18
20111.0,2020-03-23,2020-04-19
20113.0,2020-03-27,2020-07-30
20115.0,2020-04-03,2020-04-27
20117.0,2020-06-24,2020-11-17
20119.0,2020-04-24,2020-09-11
20121.0,2020-03-28,2020-09-11
20123.0,2020-03-22,2021-04-18
20125.0,2020-03-29,2020-04-04
20127.0,2020-03-19,2020-11-11
20129.0,2020-04-06,2020-06-28
20131.0,2020-04-28,2020-08-12
20133.0,2020-03-25,2020-12-01
20135.0,2020-05-18,2020-09-03
20137.0,2020-05-01,2020-10-20
20139.0,2020-03-27,2020-10-14
20141.0,2020-04-03,2021-04-18
20143.0,2020-03-27,2021-04-18
20145.0,2020-06-03,2020-10-01
20147.0,2020-04-11,2020-07-12
20149.0,2020-03-24,2020-11-18
20151.0,2020-04-01,2020-11-16
20153.0,2020-08-24,2020-11-06
20155.0,2020-03-20,2020-07-22
20157.0,2020-04-05,2020-09-11
20159.0,2020-04-23,2020-08-28
20161.0,2020-03-20,2020-05-12
20163.0,2020-04-07,2020-10-01
20165.0,2020-06-29,2021-04-18
20167.0,2020-07-10,2020-09-29
20169.0,2020-03-30,2020-04-05
20171.0,2020-04-07,2020-08-26
20173.0,2020-03-19,2020-03-30
20175.0,2020-04-07,2020-05-15
20177.0,2020-03-25,2020-03-28
20179.0,2020-04-19,2021-04-18
20181.0,2020-04-17,2020-10-23
20183.0,2020-04-15,2020-11-18
20185.0,2020-03-29,2020-08-12
20187.0,2020-04-12,2020-08-17
20189.0,2020-03-29,2020-09-17
20191.0,2020-03-26,2020-04-09
20193.0,2020-06-22,2020-10-14
20195.0,2020-05-22,2020-08-12
20197.0,2020-04-05,2020-09-14
20199.0,2020-08-24,2021-04-18
20201.0,2020-06-10,2020-11-18
20203.0,2020-07-22,2021-04-18
20205.0,2020-04-17,2020-09-13
20207.0,2020-03-24,2021-04-18
20209.0,2020-03-12,2020-03-12
21001.0,2020-04-05,2020-04-07
21003.0,2020-03-22,2020-05-11
21005.0,2020-03-21,2020-03-21
21007.0,2020-04-08,2020-09-02
21009.0,2020-03-31,2020-05-22
21011.0,2020-04-02,2020-04-30
21013.0,2020-05-18,2020-07-17
21015.0,2020-03-26,2020-04-04
21017.0,2020-03-14,2020-03-16
21019.0,2020-03-29,2020-04-02
21021.0,2020-03-28,2020-12-26
21023.0,2020-03-28,2020-10-15
21025.0,2020-03-22,2020-10-28
21027.0,2020-03-28,2020-05-19
21029.0,2020-03-27,2020-03-31
21031.0,2020-03-28,2020-04-10
21033.0,2020-04-04,2020-11-18
21035.0,2020-03-20,2020-04-07
21037.0,2020-03-27,2020-04-05
21039.0,2020-04-23,2020-05-01
21041.0,2020-03-28,2020-07-02
21043.0,2020-04-05,2020-07-14
21045.0,2020-04-14,2020-07-07
21047.0,2020-03-19,2020-04-10
21049.0,2020-03-15,2020-06-23
21051.0,2020-04-19,2020-06-02
21053.0,2020-04-04,2020-08-08
21055.0,2020-04-02,2020-04-20
21057.0,2020-04-02,2020-11-24
21059.0,2020-03-19,2020-03-31
21061.0,2020-03-31,2020-05-07
21063.0,2020-05-20,2020-12-04
21065.0,2020-06-02,2021-02-20
21067.0,2020-03-06,2020-03-27
21069.0,2020-04-11,2020-12-10
21071.0,2020-03-28,2020-07-14
21073.0,2020-03-18,2020-06-04
21075.0,2020-04-19,2020-07-08
21077.0,2020-04-11,2020-05-29
21079.0,2020-04-14,2020-08-19
21081.0,2020-03-28,2020-04-02
21083.0,2020-03-31,2020-04-16
21085.0,2020-03-25,2020-04-18
21087.0,2020-04-07,2020-06-17
21089.0,2020-04-05,2020-07-30
21091.0,2020-03-31,2020-10-10
21093.0,2020-03-22,2020-05-04
21095.0,2020-05-07,2020-06-19
21097.0,2020-03-08,2020-10-09
21099.0,2020-04-07,2020-08-18
21101.0,2020-03-19,2020-04-23
21103.0,2020-03-31,2020-06-09
21105.0,2020-04-21,2020-09-29
21107.0,2020-03-26,2020-03-27
21109.0,2020-04-08,2020-04-14
21111.0,2020-03-08,2020-03-19
21113.0,2020-03-22,2020-10-13
21115.0,2020-04-05,2020-08-24
21117.0,2020-03-18,2020-03-28
21119.0,2020-04-11,2020-07-29
21121.0,2020-04-09,2020-07-07
21123.0,2020-03-27,2020-06-09
21125.0,2020-03-25,2020-04-13
21127.0,2020-03-31,2020-11-11
21129.0,2020-05-28,2020-10-22
21131.0,2020-04-05,2020-10-23
21133.0,2020-04-05,2020-08-18
21135.0,2020-03-29,2020-08-14
21137.0,2020-04-02,2020-04-15
21139.0,2020-04-14,2020-07-27
21141.0,2020-03-23,2020-05-03
21143.0,2020-03-17,2020-04-07
21145.0,2020-03-24,2020-04-07
21147.0,2020-03-25,2020-10-01
21149.0,2020-04-05,2020-05-20
21151.0,2020-03-21,2020-04-05
21153.0,2020-05-16,2020-11-11
21155.0,2020-03-30,2020-08-19
21157.0,2020-03-30,2020-05-01
21159.0,2020-03-24,2020-08-31
21161.0,2020-03-26,2020-07-07
21163.0,2020-04-02,2020-04-09
21165.0,2020-03-24,2020-10-02
21167.0,2020-03-26,2020-08-19
21169.0,2020-04-28,2020-05-30
21171.0,2020-04-05,2020-06-26
21173.0,2020-03-12,2020-08-21
21175.0,2020-04-12,2021-02-13
21177.0,2020-03-24,2020-04-12
21179.0,2020-03-14,2020-05-30
21181.0,2020-03-28,2020-08-15
21183.0,2020-04-04,2020-07-14
21185.0,2020-03-22,2020-05-20
21187.0,2020-04-28,2020-08-31
21189.0,2020-04-12,2020-09-04
21191.0,2020-04-02,2020-11-09
21193.0,2020-04-04,2020-06-18
21195.0,2020-04-05,2020-04-12
21197.0,2020-03-31,2021-02-16
21199.0,2020-03-19,2020-04-02
21201.0,2020-07-01,2020-10-05
21203.0,2020-03-31,2020-09-04
21205.0,2020-04-11,2020-09-09
21207.0,2020-03-31,2020-04-17
21209.0,2020-03-19,2020-08-22
21211.0,2020-03-28,2020-04-10
21213.0,2020-03-24,2020-03-30
21215.0,2020-03-21,2020-10-25
21217.0,2020-03-29,2020-05-30
21219.0,2020-04-07,2020-09-02
21221.0,2020-04-12,2020-11-17
21223.0,2020-04-10,2021-01-02
21225.0,2020-03-26,2020-08-26
21227.0,2020-03-18,2020-04-29
21229.0,2020-03-28,2020-08-18
21231.0,2020-03-25,2020-10-18
21233.0,2020-03-26,2020-07-22
21235.0,2020-04-08,2020-07-23
21237.0,2020-05-19,2020-11-14
21239.0,2020-03-27,2020-12-03
22001.0,2020-03-22,2020-03-27
22003.0,2020-03-23,2020-03-29
22005.0,2020-03-16,2020-03-23
22007.0,2020-03-19,2020-04-07
22009.0,2020-03-21,2020-04-01
22011.0,2020-03-21,2020-04-08
22013.0,2020-03-21,2020-03-25
22015.0,2020-03-14,2020-03-31
22017.0,2020-03-11,2020-03-26
22019.0,2020-03-19,2020-03-24
22021.0,2020-04-02,2020-06-04
22023.0,2020-04-07,2020-08-18
22025.0,2020-03-20,2020-03-22
22027.0,2020-03-21,2020-04-02
22029.0,2020-03-31,2020-04-03
22031.0,2020-03-20,2020-03-26
22033.0,2020-03-17,2020-03-23
22035.0,2020-03-28,2020-06-25
22037.0,2020-03-26,2020-04-08
22039.0,2020-03-21,2020-04-30
22041.0,2020-03-28,2020-04-10
22043.0,2020-03-23,2020-05-12
22045.0,2020-03-19,2020-04-01
22047.0,2020-03-19,2020-03-24
22049.0,2020-03-25,2020-04-28
22051.0,2020-03-09,2020-03-18
22053.0,2020-03-25,2020-04-06
22055.0,2020-03-19,2020-03-28
22057.0,2020-03-14,2020-03-25
22059.0,2020-03-26,2020-05-21
22061.0,2020-03-23,2020-04-17
22063.0,2020-03-19,2020-04-03
22065.0,2020-03-26,2020-06-02
22067.0,2020-03-25,2020-04-10
22069.0,2020-03-23,2020-04-17
22071.0,2020-03-10,2020-03-14
22073.0,2020-03-21,2020-03-23
22075.0,2020-03-19,2020-03-27
22077.0,2020-03-26,2020-04-09
22079.0,2020-03-20,2020-03-23
22081.0,2020-03-29,2020-04-07
22083.0,2020-03-23,2020-05-05
22085.0,2020-03-29,2020-04-28
22087.0,2020-03-15,2020-03-25
22089.0,2020-03-13,2020-03-25
22091.0,2020-03-31,2020-04-16
22093.0,2020-03-19,2020-03-19
22095.0,2020-03-14,2020-03-25
22097.0,2020-03-19,2020-03-30
22099.0,2020-03-23,2020-03-27
22101.0,2020-03-21,2020-04-09
22103.0,2020-03-13,2020-03-24
22105.0,2020-03-20,2020-04-01
22107.0,2020-04-11,2020-08-20
22109.0,2020-03-13,2020-03-27
22111.0,2020-03-25,2020-04-08
22113.0,2020-03-26,2020-03-28
22115.0,2020-03-24,2020-04-14
22117.0,2020-03-17,2020-03-23
22119.0,2020-03-19,2020-03-23
22121.0,2020-03-19,2020-03-23
22123.0,2020-04-06,2020-06-07
22125.0,2020-03-27,2020-04-20
22127.0,2020-03-25,2020-04-05
23001.0,2020-03-12,2020-04-15
23003.0,2020-04-03,2020-05-22
23005.0,2020-03-13,2020-03-27
23007.0,2020-03-26,2020-04-25
23009.0,2020-04-01,2020-05-08
23011.0,2020-03-17,2020-03-31
23013.0,2020-03-23,2020-06-03
23015.0,2020-03-15,2020-07-28
23017.0,2020-03-17,2020-09-21
23019.0,2020-03-18,2020-05-14
23021.0,2020-04-19,2020-12-01
23023.0,2020-03-21,2020-04-10
23025.0,2020-03-29,2020-07-25
23027.0,2020-03-24,2020-04-08
23029.0,2020-04-03,2020-11-24
23031.0,2020-03-17,2020-03-31
24001.0,2020-04-02,2020-04-15
24003.0,2020-03-13,2020-03-27
24005.0,2020-03-11,2020-03-20
24009.0,2020-03-19,2020-04-03
24011.0,2020-03-21,2020-05-31
24013.0,2020-03-14,2020-03-29
24015.0,2020-03-22,2020-04-01
24017.0,2020-03-13,2020-03-28
24019.0,2020-04-01,2020-04-11
24021.0,2020-03-16,2020-04-01
24023.0,2020-03-23,2020-06-24
24025.0,2020-03-08,2020-04-11
24027.0,2020-03-15,2020-03-30
24029.0,2020-03-25,2020-04-15
24031.0,2020-03-05,2020-03-21
24033.0,2020-03-09,2020-03-18
24035.0,2020-03-23,2020-04-15
24037.0,2020-03-22,2020-04-13
24039.0,2020-03-21,2020-05-19
24041.0,2020-03-16,2020-04-04
24043.0,2020-03-21,2020-04-11
24045.0,2020-03-19,2020-03-28
24047.0,2020-03-20,2020-04-28
24510.0,2020-03-15,2020-03-28
25001.0,2020-03-14,2020-03-25
25003.0,2020-03-07,2020-03-22
25005.0,2020-03-14,2020-03-27
25007.0,2020-03-25,2020-04-21
25009.0,2020-03-10,2020-03-23
25011.0,2020-03-18,2020-03-26
25013.0,2020-03-15,2020-03-22
25015.0,2020-03-19,2020-03-31
25017.0,2020-03-05,2020-03-21
25019.0,2020-03-21,2020-06-28
25021.0,2020-03-02,2020-03-23
25023.0,2020-03-15,2020-03-31
25025.0,2020-02-01,2020-03-20
25027.0,2020-03-08,2020-03-23
26001.0,2020-04-15,2020-04-30
26003.0,2020-06-10,2020-10-19
26005.0,2020-03-21,2020-04-24
26007.0,2020-04-11,2020-04-17
26009.0,2020-03-30,2020-04-25
26011.0,2020-03-31,2020-04-20
26013.0,2020-04-16,2020-09-28
26015.0,2020-03-21,2020-04-13
26017.0,2020-03-13,2020-04-12
26019.0,2020-04-18,2020-07-15
26021.0,2020-03-21,2020-03-30
26023.0,2020-03-31,2020-04-04
26025.0,2020-03-21,2020-04-03
26027.0,2020-03-27,2020-03-31
26029.0,2020-03-13,2020-04-13
26031.0,2020-03-29,2020-04-04
26033.0,2020-03-23,2020-04-10
26035.0,2020-03-21,2020-04-10
26037.0,2020-03-19,2020-04-02
26039.0,2020-03-27,2020-04-07
26041.0,2020-03-30,2020-04-09
26043.0,2020-04-02,2020-04-03
26045.0,2020-03-19,2020-04-02
26047.0,2020-03-22,2020-04-01
26049.0,2020-03-19,2020-03-26
26051.0,2020-03-22,2020-04-20
26053.0,2020-03-26,2020-03-26
26055.0,2020-03-22,2020-04-02
26057.0,2020-03-27,2020-04-19
26059.0,2020-03-24,2020-03-29
26061.0,2020-03-30,2020-08-29
26063.0,2020-03-27,2020-04-20
26065.0,2020-03-12,2020-03-27
26067.0,2020-03-26,2020-04-07
26069.0,2020-03-25,2020-04-04
26071.0,2020-06-02,2020-06-27
26073.0,2020-03-24,2020-03-29
26075.0,2020-03-17,2020-03-29
26077.0,2020-03-23,2020-03-30
26079.0,2020-03-24,2020-03-30
26081.0,2020-03-12,2020-03-21
26083.0,2020-06-10,2020-11-05
26085.0,2020-04-11,2020-10-27
26087.0,2020-03-24,2020-04-07
26089.0,2020-03-13,2020-08-25
26091.0,2020-03-25,2020-04-27
26093.0,2020-03-19,2020-03-25
26095.0,2020-04-03,2020-10-28
26097.0,2020-04-01,2020-12-01
26099.0,2020-03-13,2020-03-22
26101.0,2020-03-24,2020-06-05
26103.0,2020-03-25,2020-04-04
26105.0,2020-04-07,2020-10-10
26107.0,2020-03-26,2020-03-26
26109.0,2020-04-10,2020-09-16
26111.0,2020-03-19,2020-04-08
26113.0,2020-03-26,2020-03-27
26115.0,2020-03-14,2020-04-09
26117.0,2020-03-12,2020-04-07
26119.0,2020-04-13,2020-08-07
26121.0,2020-03-23,2020-03-27
26123.0,2020-03-23,2020-08-31
26125.0,2020-03-10,2020-03-20
26127.0,2020-03-26,2020-04-07
26129.0,2020-03-26,2020-05-28
26131.0,2020-07-04,2020-10-31
26133.0,2020-03-28,2020-10-27
26135.0,2020-03-31,2020-04-20
26137.0,2020-03-17,2020-04-04
26139.0,2020-03-15,2020-04-09
26141.0,2020-04-06,2020-07-25
26143.0,2020-03-22,2020-08-11
26145.0,2020-03-21,2020-04-06
26147.0,2020-03-12,2020-04-04
26149.0,2020-03-30,2020-04-13
26151.0,2020-03-25,2020-04-01
26153.0,2020-04-08,2020-10-22
26155.0,2020-03-26,2020-04-11
26157.0,2020-03-21,2020-03-26
26159.0,2020-03-25,2020-04-02
26161.0,2020-03-12,2020-03-22
26163.0,2020-03-10,2020-03-18
26165.0,2020-03-21,2020-04-11
27001.0,2020-04-17,2020-08-05
27003.0,2020-03-10,2020-04-17
27005.0,2020-04-11,2020-07-28
27007.0,2020-03-27,2020-08-17
27009.0,2020-03-16,2020-05-01
27011.0,2020-03-23,2020-10-27
27013.0,2020-03-16,2020-05-20
27015.0,2020-03-31,2020-04-10
27017.0,2020-03-31,2020-08-16
27019.0,2020-03-08,2020-05-09
27021.0,2020-03-23,2020-05-10
27023.0,2020-04-20,2020-05-26
27025.0,2020-03-20,2020-04-03
27027.0,2020-03-20,2020-04-15
27029.0,2020-03-28,2020-10-28
27031.0,2020-06-13,2021-12-01
27033.0,2020-03-29,2020-11-24
27035.0,2020-04-01,2020-04-28
27037.0,2020-03-12,2020-04-03
27039.0,2020-03-21,2020-12-03
27041.0,2020-03-29,2020-08-08
27043.0,2020-03-27,2020-11-20
27045.0,2020-03-20,2020-04-23
27047.0,2020-04-01,2020-07-16
27049.0,2020-03-25,2020-05-21
27051.0,2020-05-02,2020-07-15
27053.0,2020-03-12,2020-03-27
27055.0,2020-04-05,2020-10-11
27057.0,2020-05-23,2020-09-22
27059.0,2020-03-29,2020-09-26
27061.0,2020-03-30,2020-05-12
27063.0,2020-03-21,2020-08-30
27065.0,2020-05-01,2020-05-19
27067.0,2020-03-26,2020-04-28
27069.0,2020-04-18,2020-11-05
27071.0,2020-04-02,2020-06-28
27073.0,2020-03-23,2020-09-22
27075.0,2020-05-07,2020-11-14
27077.0,2020-07-25,2020-09-03
27079.0,2020-03-22,2020-05-12
27081.0,2020-03-27,2020-11-05
27083.0,2020-03-31,2020-06-02
27085.0,2020-04-04,2020-08-19
27087.0,2020-03-27,2020-05-06
27089.0,2020-04-19,2020-09-04
27091.0,2020-03-17,2020-03-27
27093.0,2020-03-30,2020-06-06
27095.0,2020-04-16,2020-04-19
27097.0,2020-04-19,2020-06-11
27099.0,2020-03-19,2020-05-20
27101.0,2020-04-06,2020-07-24
27103.0,2020-03-17,2020-04-11
27105.0,2020-04-10,2020-04-22
27107.0,2020-04-15,2020-11-04
27109.0,2020-03-11,2020-04-02
27111.0,2020-03-29,2020-06-05
27113.0,2020-04-21,2020-07-23
27115.0,2020-04-08,2020-11-02
27117.0,2020-04-05,2020-06-28
27119.0,2020-04-04,2020-05-09
27121.0,2020-05-05,2020-11-07
27123.0,2020-03-06,2020-03-21
27125.0,2020-04-12,2020-09-22
27127.0,2020-04-06,2020-09-22
27129.0,2020-03-14,2020-06-20
27131.0,2020-03-18,2020-04-17
27133.0,2020-04-12,2020-09-30
27135.0,2020-04-07,2020-11-06
27137.0,2020-03-21,2020-04-09
27139.0,2020-03-19,2020-04-03
27141.0,2020-03-23,2020-05-05
27143.0,2020-03-26,2020-06-09
27145.0,2020-03-12,2020-05-04
27147.0,2020-03-21,2020-07-02
27149.0,2020-05-28,2020-09-01
27151.0,2020-04-07,2020-06-05
27153.0,2020-04-12,2020-06-04
27155.0,2020-03-31,2020-11-27
27157.0,2020-03-21,2020-10-29
27159.0,2020-04-28,2020-10-21
27161.0,2020-03-15,2020-08-13
27163.0,2020-03-15,2020-04-05
27165.0,2020-03-30,2020-08-12
27167.0,2020-03-26,2020-04-08
27169.0,2020-03-25,2020-04-03
27171.0,2020-03-13,2020-04-11
27173.0,2020-04-01,2020-08-23
28001.0,2020-03-20,2020-04-09
28003.0,2020-03-30,2020-04-29
28005.0,2020-03-28,2020-03-30
28007.0,2020-03-21,2020-05-02
28009.0,2020-03-26,2020-08-08
28011.0,2020-03-18,2020-03-31
28013.0,2020-03-25,2020-04-14
28015.0,2020-03-29,2020-04-16
28017.0,2020-03-22,2020-04-02
28019.0,2020-03-24,2020-04-05
28021.0,2020-03-29,2020-05-19
28023.0,2020-03-28,2020-04-08
28025.0,2020-03-21,2020-04-17
28027.0,2020-03-18,2020-04-04
28029.0,2020-03-13,2020-04-16
28031.0,2020-03-28,2020-05-08
28033.0,2020-03-18,2020-03-28
28035.0,2020-03-11,2020-04-05
28037.0,2020-03-20,2020-04-25
28039.0,2020-03-21,2020-04-18
28041.0,2020-04-06,2020-04-24
28043.0,2020-03-21,2020-05-03
28045.0,2020-03-16,2020-03-19
28047.0,2020-03-17,2020-03-27
28049.0,2020-03-15,2020-04-08
28051.0,2020-03-19,2020-03-25
28053.0,2020-03-20,2020-04-01
28055.0,2020-06-25,2020-06-27
28057.0,2020-03-21,2020-04-17
28059.0,2020-03-17,2020-04-02
28061.0,2020-04-01,2020-04-17
28063.0,2020-03-27,2020-05-29
28065.0,2020-04-09,2020-04-13
28067.0,2020-03-19,2020-04-26
28069.0,2020-03-27,2020-04-26
28071.0,2020-03-20,2020-03-31
28073.0,2020-03-23,2020-04-07
28075.0,2020-03-26,2020-04-04
28077.0,2020-03-20,2020-05-22
28079.0,2020-03-21,2020-04-14
28081.0,2020-03-20,2020-03-28
28083.0,2020-03-13,2020-03-30
28085.0,2020-03-21,2020-04-07
28087.0,2020-03-21,2020-04-17
28089.0,2020-03-18,2020-04-06
28091.0,2020-03-23,2020-04-19
28093.0,2020-03-20,2020-04-02
28095.0,2020-03-16,2020-04-02
28097.0,2020-03-22,2020-03-31
28099.0,2020-03-27,2020-04-14
28101.0,2020-03-24,2020-05-09
28103.0,2020-03-24,2020-05-02
28105.0,2020-03-22,2020-04-07
28107.0,2020-03-21,2020-03-31
28109.0,2020-03-13,2020-04-04
28111.0,2020-03-18,2020-03-28
28113.0,2020-03-20,2020-04-08
28115.0,2020-03-22,2020-04-03
28117.0,2020-03-25,2020-04-25
28119.0,2020-03-26,2020-07-07
28121.0,2020-03-20,2020-03-26
28123.0,2020-03-19,2020-05-02
28125.0,2020-03-27,2020-07-26
28127.0,2020-03-21,2020-06-10
28129.0,2020-03-20,2020-04-10
28131.0,2020-04-05,2020-06-17
28133.0,2020-03-22,2020-03-28
28135.0,2020-03-23,2020-04-17
28137.0,2020-03-22,2020-05-19
28139.0,2020-03-20,2020-03-27
28141.0,2020-03-31,2020-06-17
28143.0,2020-03-21,2020-03-25
28145.0,2020-03-21,2020-04-11
28147.0,2020-03-19,2020-06-12
28149.0,2020-03-29,2020-04-15
28151.0,2020-03-21,2020-04-07
28153.0,2020-04-02,2020-05-30
28155.0,2020-03-22,2020-03-25
28157.0,2020-03-19,2020-03-25
28159.0,2020-03-19,2020-05-23
28161.0,2020-03-26,2020-05-18
28163.0,2020-03-19,2020-04-02
29001.0,2020-03-23,2020-11-05
29003.0,2020-04-11,2020-07-10
29005.0,2020-03-27,2020-10-14
29007.0,2020-04-19,2020-06-02
29009.0,2020-03-27,2020-08-04
29011.0,2020-06-11,2020-10-06
29013.0,2020-03-21,2020-04-13
29015.0,2020-03-26,2020-07-27
29017.0,2020-03-26,2020-07-14
29019.0,2020-03-17,2020-03-18
29021.0,2020-03-27,2020-04-09
29023.0,2020-04-01,2020-07-23
29025.0,2020-04-01,2020-07-10
29027.0,2020-03-23,2020-04-06
29029.0,2020-03-23,2020-03-28
29031.0,2020-03-24,2020-04-07
29033.0,2020-04-22,2020-09-05
29035.0,2020-03-26,2020-04-04
29037.0,2020-03-16,2020-04-01
29039.0,2020-03-30,2020-10-09
29041.0,2020-03-27,2020-10-09
29043.0,2020-03-20,2020-07-02
29045.0,2020-04-03,2020-10-24
29047.0,2020-03-23,2020-04-06
29049.0,2020-03-23,2020-10-14
29051.0,2020-03-17,2020-04-03
29053.0,2020-03-25,2020-08-29
29055.0,2020-03-30,2020-08-22
29057.0,2020-06-15,2020-11-03
29059.0,2020-04-07,2020-06-24
29061.0,2020-04-15,2020-09-23
29063.0,2020-04-01,2020-07-18
29065.0,2020-05-15,2020-09-22
29067.0,2020-05-31,2020-07-18
29069.0,2020-03-20,2020-04-15
29071.0,2020-03-24,2020-04-05
29073.0,2020-04-01,2020-08-28
29075.0,2020-04-06,2020-05-29
29077.0,2020-03-12,2020-03-24
29079.0,2020-05-23,2020-07-07
29081.0,2020-03-31,2020-07-17
29083.0,2020-03-13,2020-03-29
29085.0,2020-07-08,2020-09-04
29087.0,2020-04-15,2020-09-23
29089.0,2020-04-07,2020-09-05
29091.0,2020-04-02,2020-07-30
29093.0,2020-04-11,2020-10-14
29095.0,2020-03-17,2020-03-20
29097.0,2020-03-21,2020-06-25
29099.0,2020-03-24,2020-04-02
29101.0,2020-03-21,2020-07-08
29103.0,2020-06-10,2020-09-16
29105.0,2020-05-09,2020-07-10
29107.0,2020-03-23,2020-03-30
29109.0,2020-05-03,2020-06-28
29111.0,2020-04-18,2020-04-22
29113.0,2020-03-27,2020-04-08
29115.0,2020-04-03,2020-04-13
29117.0,2020-03-30,2020-08-18
29119.0,2020-03-25,2020-06-24
29121.0,2020-03-30,2020-10-17
29123.0,2020-04-06,2020-09-26
29125.0,2020-03-30,2020-11-03
29127.0,2020-04-18,2020-07-22
29129.0,2020-05-31,2020-11-26
29131.0,2020-04-15,2020-08-06
29133.0,2020-04-22,2020-09-10
29135.0,2020-03-23,2020-05-16
29137.0,2020-05-27,2020-09-25
29139.0,2020-03-25,2020-08-19
29141.0,2020-03-30,2020-09-05
29143.0,2020-04-02,2020-05-18
29145.0,2020-03-25,2020-04-22
29147.0,2020-04-04,2020-08-22
29149.0,2020-04-07,2020-12-01
29151.0,2020-03-30,2020-08-04
29153.0,2020-06-20,2020-09-30
29155.0,2020-03-24,2020-04-23
29157.0,2020-03-23,2020-07-07
29159.0,2020-03-27,2020-05-12
29161.0,2020-04-06,2020-09-05
29163.0,2020-03-30,2020-05-12
29165.0,2020-03-25,2020-05-21
29167.0,2020-04-07,2020-08-12
29169.0,2020-03-20,2020-04-01
29171.0,2020-06-07,2020-07-31
29173.0,2020-03-25,2020-11-11
29175.0,2020-03-25,2020-07-17
29177.0,2020-03-27,2020-08-07
29179.0,2020-03-30,2020-10-23
29181.0,2020-03-28,2020-08-04
29183.0,2020-03-18,2020-03-25
29185.0,2020-04-09,2020-10-14
29186.0,2020-03-31,2020-04-06
29187.0,2020-03-23,2020-04-08
29189.0,2020-03-07,2020-03-20
29195.0,2020-04-03,2020-05-28
29197.0,2020-05-16,2020-11-24
29199.0,2020-04-07,2020-06-10
29201.0,2020-03-20,2020-04-18
29203.0,2020-05-27,2020-07-30
29205.0,2020-03-25,2020-09-10
29207.0,2020-03-26,2020-05-19
29209.0,2020-03-30,2020-07-22
29211.0,2020-05-03,2020-10-14
29213.0,2020-03-23,2020-04-09
29215.0,2020-05-29,2020-08-14
29217.0,2020-04-09,2020-07-03
29219.0,2020-03-28,2020-09-24
29221.0,2020-04-08,2020-04-25
29223.0,2020-06-20,2020-10-09
29225.0,2020-03-30,2020-06-23
29227.0,2020-04-06,2020-12-19
29229.0,2020-03-27,2020-10-17
29510.0,2020-03-18,2020-03-23
30001.0,2020-04-04,2020-08-28
30003.0,2020-04-10,2020-06-05
30005.0,2020-07-16,2020-10-13
30007.0,2020-03-19,2020-11-20
30009.0,2020-04-01,2020-10-31
30011.0,2020-09-24,2020-10-30
30013.0,2020-03-21,2020-04-18
30015.0,2020-07-21,2020-11-14
30017.0,2020-06-12,2020-07-28
30019.0,2020-07-25,2020-10-21
30021.0,2020-06-20,2020-09-05
30023.0,2020-03-29,2020-10-21
30025.0,2020-07-12,2020-11-24
30027.0,2020-06-18,2020-09-12
30029.0,2020-03-19,2020-04-13
30031.0,2020-03-13,2020-04-28
30033.0,2020-07-13,2020-11-16
30035.0,2020-04-03,2020-07-24
30037.0,2020-04-11,2021-01-23
30039.0,2020-06-25,2020-11-14
30041.0,2020-03-25,2020-08-07
30043.0,2020-03-24,2020-12-02
30045.0,2020-07-22,2021-01-23
30047.0,2020-03-27,2020-07-24
30049.0,2020-03-13,2020-07-17
30051.0,2020-03-31,2020-11-06
30053.0,2020-03-26,2020-03-27
30055.0,2020-07-20,2021-02-19
30057.0,2020-03-19,2020-03-30
30059.0,2020-03-26,2020-09-09
30061.0,2020-08-11,2020-11-14
30063.0,2020-03-14,2020-04-04
30065.0,2020-03-31,2020-09-11
30067.0,2020-03-27,2020-11-12
30069.0,2020-10-05,2020-11-28
30071.0,2020-08-05,2020-11-01
30073.0,2020-04-15,2020-10-06
30075.0,2020-07-23,2020-10-17
30077.0,2020-07-29,2020-11-06
30079.0,2020-08-04,2020-11-30
30081.0,2020-03-21,2020-07-11
30083.0,2020-04-08,2020-07-31
30085.0,2020-03-19,2020-08-18
30087.0,2020-06-02,2020-06-26
30089.0,2020-07-14,2020-09-11
30091.0,2020-07-03,2020-11-21
30093.0,2020-03-13,2020-10-29
30095.0,2020-04-09,2020-08-08
30097.0,2020-07-15,2020-07-22
30099.0,2020-07-02,2020-10-31
30101.0,2020-03-26,2020-03-30
30103.0,2020-06-24,2020-10-24
30105.0,2020-06-18,2020-10-01
30107.0,2020-04-24,2020-09-25
30109.0,2020-07-14,2020-11-11
30111.0,2020-03-13,2020-04-18
31001.0,2020-03-18,2020-04-18
31003.0,2020-03-30,2020-06-24
31005.0,2020-08-06,2021-02-17
31007.0,2020-06-09,2021-11-10
31009.0,2020-09-25,2021-11-01
31011.0,2020-05-04,2020-11-19
31013.0,2020-04-11,2020-09-22
31015.0,2020-06-01,2020-11-06
31017.0,2020-08-13,2020-11-19
31019.0,2020-03-20,2020-03-31
31021.0,2020-04-09,2020-10-01
31023.0,2020-04-17,2020-09-09
31025.0,2020-03-12,2020-06-27
31027.0,2020-04-27,2020-11-12
31029.0,2020-05-24,2020-11-04
31031.0,2020-04-04,2020-09-03
31033.0,2020-04-06,2020-10-14
31035.0,2020-04-10,2020-10-24
31037.0,2020-04-02,2020-05-06
31039.0,2020-04-01,2020-07-01
31041.0,2020-04-06,2020-04-06
31043.0,2020-04-12,2020-04-25
31045.0,2020-05-09,2020-10-23
31047.0,2020-03-22,2020-05-01
31049.0,2020-07-14,2021-02-04
31051.0,2020-04-20,2020-06-06
31053.0,2020-03-25,2020-05-15
31055.0,2020-02-17,2020-03-27
31057.0,2020-07-17,2020-09-09
31059.0,2020-04-22,2020-06-01
31061.0,2020-04-10,2020-11-05
31063.0,2020-04-29,2020-11-04
31065.0,2020-04-18,2020-06-10
31067.0,2020-04-02,2020-04-02
31069.0,2020-06-01,2021-01-01
31071.0,2020-06-05,2020-11-23
31073.0,2020-03-28,2020-11-17
31075.0,2020-09-16,2020-11-12
31077.0,2020-04-23,2020-12-21
31079.0,2020-03-26,2020-03-27
31081.0,2020-04-02,2020-04-16
31083.0,2020-06-23,2021-11-30
31085.0,2020-10-04,
31087.0,2020-04-30,2020-11-04
31089.0,2020-05-03,2020-09-23
31091.0,2020-07-01,2020-09-29
31093.0,2020-04-16,2020-05-22
31095.0,2020-04-26,2020-12-29
31097.0,2020-04-05,2020-11-12
31099.0,2020-03-26,2020-11-25
31101.0,2020-05-02,2020-12-02
31103.0,2020-08-18,
31105.0,2020-03-31,2020-11-23
31107.0,2020-03-17,2020-10-20
31109.0,2020-03-20,2020-04-08
31111.0,2020-03-18,2020-03-30
31113.0,2020-08-19,
31115.0,2020-08-27,
31117.0,2020-07-10,2021-01-12
31119.0,2020-03-23,2020-04-01
31121.0,2020-04-03,2020-08-26
31123.0,2020-04-15,2020-11-17
31125.0,2020-04-16,2020-11-06
31127.0,2020-03-19,2020-12-08
31129.0,2020-05-16,2020-11-22
31131.0,2020-04-02,2020-08-21
31133.0,2020-07-11,2020-12-12
31135.0,2020-07-20,2020-07-28
31137.0,2020-04-05,2020-10-26
31139.0,2020-04-11,2020-08-18
31141.0,2020-03-28,2020-05-12
31143.0,2020-04-09,2020-08-31
31145.0,2020-04-17,2020-11-06
31147.0,2020-05-13,2020-06-10
31149.0,2020-06-24,2020-09-21
31151.0,2020-04-14,2020-05-14
31153.0,2020-03-17,2020-04-30
31155.0,2020-03-24,2020-05-08
31157.0,2020-03-29,2020-06-09
31159.0,2020-04-05,2020-04-21
31161.0,2020-06-26,2020-11-17
31163.0,2020-04-23,2020-08-20
31165.0,2020-06-11,2021-05-28
31167.0,2020-04-06,2020-12-12
31169.0,2020-05-29,2020-11-13
31171.0,2020-05-06,2021-01-26
31173.0,2020-04-25,2020-06-12
31175.0,2020-04-27,2020-10-15
31177.0,2020-03-23,2020-04-13
31179.0,2020-04-11,2020-10-23
31181.0,2020-04-10,2020-11-06
31183.0,2020-07-25,2022-02-07
31185.0,2020-03-30,2020-09-10
32001.0,2020-04-13,2020-04-20
32003.0,2020-03-05,2020-03-16
32005.0,2020-03-23,2020-08-11
32007.0,2020-03-19,2020-04-04
32009.0,2020-11-13,2021-10-06
32011.0,2020-06-26,2021-10-08
32013.0,2020-03-28,2020-04-14
32015.0,2020-04-21,2020-07-24
32017.0,2020-05-08,2020-11-05
32019.0,2020-03-25,2020-05-28
32021.0,2020-04-18,2020-11-06
32023.0,2020-03-20,2020-05-18
32027.0,2020-05-28,2020-12-10
32029.0,2020-05-18,2020-12-02
32031.0,2020-03-05,2020-03-29
32033.0,2020-04-09,2020-07-15
32510.0,2020-03-12,2020-04-22
33001.0,2020-03-18,2020-06-12
33003.0,2020-03-16,2020-07-22
33005.0,2020-03-20,2020-04-07
33007.0,2020-04-03,2020-11-11
33009.0,2020-03-02,2020-05-01
33011.0,2020-03-15,2020-03-23
33013.0,2020-03-18,2020-04-08
33015.0,2020-03-07,2020-03-29
33017.0,2020-03-21,2020-04-22
33019.0,2020-03-22,2020-04-01
34001.0,2020-03-18,2020-04-02
34003.0,2020-03-04,2020-03-10
34005.0,2020-03-10,2020-03-25
34007.0,2020-03-06,2020-03-24
34009.0,2020-03-19,2020-04-04
34011.0,2020-03-20,2020-03-25
34013.0,2020-03-12,2020-03-19
34015.0,2020-03-17,2020-03-27
34017.0,2020-03-09,2020-03-24
34019.0,2020-03-16,2020-04-04
34021.0,2020-03-14,2020-03-31
34023.0,2020-03-11,2020-03-22
34025.0,2020-03-09,2020-03-14
34027.0,2020-03-12,2020-03-21
34029.0,2020-03-13,2020-03-24
34031.0,2020-03-08,2020-03-22
34033.0,2020-03-22,2020-03-31
34035.0,2020-03-16,2020-03-22
34037.0,2020-03-19,2020-03-28
34039.0,2020-03-09,2020-03-23
34041.0,2020-03-17,2020-03-23
35001.0,2020-03-11,2020-03-28
35003.0,2020-04-01,2020-04-25
35005.0,2020-03-23,2020-04-21
35006.0,2020-03-24,2020-04-12
35007.0,2020-04-09,2020-06-24
35009.0,2020-03-24,2020-07-09
35011.0,2020-09-10,2021-03-09
35013.0,2020-03-20,2020-04-12
35015.0,2020-03-25,2020-03-25
35017.0,2020-04-01,2020-07-21
35019.0,2020-04-18,2020-08-22
35021.0,2020-04-23,2021-05-24
35023.0,2020-05-18,2020-08-22
35025.0,2020-03-21,2020-07-21
35027.0,2020-04-04,2020-07-21
35028.0,2020-04-04,2021-01-10
35029.0,2020-04-10,2020-04-30
35031.0,2020-03-20,2020-04-04
35033.0,2020-07-10,2020-12-22
35035.0,2020-04-01,2020-05-14
35037.0,2020-04-11,2020-04-20
35039.0,2020-03-25,2020-05-28
35041.0,2020-03-27,2020-06-15
35043.0,2020-03-14,2020-04-01
35045.0,2020-03-22,2020-04-11
35047.0,2020-03-19,2020-11-26
35049.0,2020-03-11,2020-05-06
35051.0,2020-04-29,2020-08-10
35053.0,2020-03-11,2020-04-17
35055.0,2020-03-17,2020-06-23
35057.0,2020-03-30,2020-05-07
35059.0,2020-04-25,2020-08-05
35061.0,2020-03-27,2020-05-03
36001.0,2020-03-12,2020-03-28
36003.0,2020-03-16,2020-04-01
36007.0,2020-03-14,2020-03-21
36009.0,2020-03-28,2020-04-25
36011.0,2020-03-23,2020-04-06
36013.0,2020-03-25,2020-04-01
36015.0,2020-03-24,2020-04-08
36017.0,2020-03-18,2020-05-06
36019.0,2020-03-17,2020-04-12
36021.0,2020-03-20,2020-03-29
36023.0,2020-03-22,2020-08-06
36025.0,2020-03-12,2020-04-02
36027.0,2020-03-12,2020-03-26
36029.0,2020-03-15,2020-03-26
36031.0,2020-03-18,2020-08-20
36033.0,2020-03-25,2020-07-17
36035.0,2020-03-20,2020-04-24
36037.0,2020-03-20,2020-04-01
36039.0,2020-03-15,2020-05-01
36041.0,2020-03-18,2020-08-06
36043.0,2020-03-12,2020-03-30
36045.0,2020-03-18,2020-08-01
36049.0,2020-03-29,2020-08-06
36051.0,2020-03-18,2020-04-02
36053.0,2020-03-22,2020-04-01
36055.0,2020-03-11,2020-03-26
36057.0,2020-03-15,2020-04-04
36059.0,2020-03-05,2020-03-17
36061.0,2020-03-01,2020-03-14
36063.0,2020-03-20,2020-04-10
36065.0,2020-03-20,2020-04-01
36067.0,2020-03-16,2020-04-01
36069.0,2020-03-16,2020-04-12
36071.0,2020-03-12,2020-03-26
36073.0,2020-03-24,2020-04-19
36075.0,2020-03-23,2020-04-01
36077.0,2020-03-23,2020-04-01
36079.0,2020-03-15,2020-04-04
36083.0,2020-03-17,2020-04-02
36087.0,2020-03-06,2020-03-14
36089.0,2020-03-22,2020-04-09
36091.0,2020-03-07,2020-03-29
36093.0,2020-03-13,2020-04-02
36095.0,2020-03-19,2020-08-06
36097.0,2020-03-28,2020-10-20
36099.0,2020-03-31,2020-04-14
36101.0,2020-03-21,2020-04-02
36103.0,2020-03-08,2020-03-16
36105.0,2020-03-17,2020-03-31
36107.0,2020-03-14,2020-04-19
36109.0,2020-03-14,2020-04-12
36111.0,2020-03-08,2020-03-29
36113.0,2020-03-18,2020-04-04
36115.0,2020-03-18,2020-04-04
36117.0,2020-03-19,2020-05-06
36119.0,2020-03-04,2020-03-24
36121.0,2020-03-17,2020-03-31
36123.0,2020-04-02,2020-04-22
37001.0,2020-03-23,2020-04-24
37003.0,2020-03-30,2020-06-30
37005.0,2020-03-29,2020-10-10
37007.0,2020-03-31,2020-05-28
37009.0,2020-04-04,2020-06-10
37011.0,2020-05-19,2020-10-31
37013.0,2020-03-26,2020-07-24
37015.0,2020-03-25,2020-04-02
37017.0,2020-04-03,2020-05-06
37019.0,2020-03-14,2020-04-03
37021.0,2020-03-21,2020-03-29
37023.0,2020-03-25,2020-04-05
37025.0,2020-03-12,2020-03-25
37027.0,2020-03-25,2020-05-13
37029.0,2020-04-27,2020-07-08
37031.0,2020-03-20,2020-04-07
37033.0,2020-03-29,2020-05-08
37035.0,2020-03-21,2020-04-03
37037.0,2020-03-06,2020-04-21
37039.0,2020-03-22,2020-03-31
37041.0,2020-04-03,2020-07-30
37043.0,2020-03-31,2020-08-14
37045.0,2020-03-25,2020-04-15
37047.0,2020-03-29,2020-04-06
37049.0,2020-03-14,2020-04-09
37051.0,2020-03-22,2020-04-09
37053.0,2020-03-29,2020-09-19
37055.0,2020-04-02,2020-04-09
37057.0,2020-03-20,2020-04-07
37059.0,2020-03-22,2020-04-02
37061.0,2020-03-25,2020-05-03
37063.0,2020-03-16,2020-04-05
37065.0,2020-03-28,2020-04-09
37067.0,2020-03-12,2020-03-31
37069.0,2020-03-20,2020-04-08
37071.0,2020-03-18,2020-04-02
37073.0,2020-04-02,2020-05-22
37075.0,2020-04-28,2020-09-18
37077.0,2020-03-22,2020-04-14
37079.0,2020-03-27,2020-05-09
37081.0,2020-03-18,2020-03-31
37083.0,2020-03-29,2020-04-17
37085.0,2020-03-14,2020-03-26
37087.0,2020-04-03,2020-07-29
37089.0,2020-03-22,2020-04-03
37091.0,2020-03-25,2020-04-05
37093.0,2020-03-18,2020-05-22
37095.0,2020-04-29,2020-09-04
37097.0,2020-03-17,2020-04-08
37099.0,2020-04-13,2020-05-05
37101.0,2020-03-12,2020-03-27
37103.0,2020-04-09,2020-04-11
37105.0,2020-03-22,2020-05-02
37107.0,2020-03-25,2020-04-23
37109.0,2020-03-18,2020-06-27
37111.0,2020-03-25,2020-04-25
37113.0,2020-04-02,2020-04-07
37115.0,2020-04-25,2020-08-13
37117.0,2020-03-31,2020-05-04
37119.0,2020-03-12,2020-03-29
37121.0,2020-04-02,2020-07-14
37123.0,2020-03-24,2020-04-02
37125.0,2020-03-18,2020-04-21
37127.0,2020-03-22,2020-04-08
37129.0,2020-03-18,2020-04-12
37131.0,2020-03-25,2020-04-16
37133.0,2020-03-12,2020-03-31
37135.0,2020-03-20,2020-04-09
37137.0,2020-03-29,2020-07-14
37139.0,2020-03-20,2020-04-21
37141.0,2020-04-05,2020-05-05
37143.0,2020-03-28,2020-05-02
37145.0,2020-03-27,2020-04-29
37147.0,2020-03-20,2020-04-10
37149.0,2020-03-28,2020-05-13
37151.0,2020-03-24,2020-04-03
37153.0,2020-04-07,2020-04-11
37155.0,2020-03-22,2020-04-24
37157.0,2020-03-31,2020-04-02
37159.0,2020-03-20,2020-03-28
37161.0,2020-03-30,2020-04-09
37163.0,2020-03-17,2020-05-05
37165.0,2020-03-22,2020-06-10
37167.0,2020-03-20,2020-04-09
37169.0,2020-04-02,2020-06-21
37171.0,2020-03-27,2020-05-02
37173.0,2020-04-29,2020-07-01
37175.0,2020-03-24,2020-06-04
37177.0,2020-04-14,2020-07-08
37179.0,2020-03-22,2020-04-09
37181.0,2020-03-23,2020-04-15
37183.0,2020-03-03,2020-04-15
37185.0,2020-04-04,2020-05-27
37187.0,2020-03-29,2020-04-08
37189.0,2020-03-15,2020-09-17
37191.0,2020-03-13,2020-04-11
37193.0,2020-03-31,2020-04-02
37195.0,2020-03-15,2020-04-04
37197.0,2020-03-29,2020-04-15
37199.0,2020-05-03,2020-10-29
38001.0,2020-07-28,2020-12-14
38003.0,2020-03-28,2020-10-07
38005.0,2020-05-07,2020-07-19
38007.0,2020-06-20,2021-11-13
38009.0,2020-05-19,2020-09-23
38011.0,2020-04-07,2020-10-13
38013.0,2020-04-01,2020-08-21
38015.0,2020-03-17,2020-07-19
38017.0,2020-03-17,2020-03-27
38019.0,2020-06-20,2020-10-15
38021.0,2020-06-02,2020-10-18
38023.0,2020-03-28,2020-10-01
38025.0,2020-03-24,2020-09-10
38027.0,2020-04-03,2020-09-14
38029.0,2020-04-05,2020-04-07
38031.0,2020-03-25,2020-10-03
38033.0,2020-07-14,2021-01-15
38035.0,2020-03-30,2020-05-06
38037.0,2020-03-31,2020-09-29
38039.0,2020-05-22,2020-08-04
38041.0,2020-06-26,2020-10-10
38043.0,2020-06-09,2020-10-11
38045.0,2020-06-06,2020-10-14
38047.0,2020-07-08,2020-10-28
38049.0,2020-03-26,2020-03-30
38051.0,2020-03-26,2020-07-24
38053.0,2020-03-31,2020-07-28
38055.0,2020-03-28,2020-08-19
38057.0,2020-05-05,2020-09-30
38059.0,2020-03-18,2020-03-30
38061.0,2020-03-28,2020-07-16
38063.0,2020-04-19,2020-10-09
38065.0,2020-03-30,2020-10-21
38067.0,2020-04-25,2020-11-04
38069.0,2020-03-20,2020-10-24
38071.0,2020-03-20,2020-05-18
38073.0,2020-04-26,2020-10-26
38075.0,2020-05-01,2020-09-26
38077.0,2020-04-09,2020-08-08
38079.0,2020-04-11,2020-08-22
38081.0,2020-04-10,2020-10-03
38083.0,2020-06-06,2020-10-07
38085.0,2020-03-28,2020-08-04
38087.0,2020-04-03,
38089.0,2020-03-25,2020-04-09
38091.0,2020-05-17,2020-11-01
38093.0,2020-04-08,2020-06-21
38095.0,2020-07-07,2020-10-16
38097.0,2020-05-07,2020-10-12
38099.0,2020-03-23,2020-08-22
38101.0,2020-03-11,2020-04-12
38103.0,2020-04-22,2020-11-03
38105.0,2020-03-31,2020-07-20
39001.0,2020-04-04,2020-05-18
39003.0,2020-03-28,2020-04-07
39005.0,2020-03-18,2020-06-26
39007.0,2020-03-20,2020-04-12
39009.0,2020-03-26,2020-03-30
39011.0,2020-03-28,2020-04-09
39013.0,2020-03-14,2020-04-06
39015.0,2020-03-30,2020-03-31
39017.0,2020-03-14,2020-04-03
39019.0,2020-03-22,2020-04-24
39021.0,2020-03-24,2020-04-11
39023.0,2020-03-18,2020-04-23
39025.0,2020-03-21,2020-04-03
39027.0,2020-03-22,2020-04-08
39029.0,2020-03-20,2020-03-26
39031.0,2020-03-17,2020-06-29
39033.0,2020-03-24,2020-05-03
39035.0,2020-03-09,2020-03-21
39037.0,2020-03-17,2020-03-31
39039.0,2020-03-21,2020-04-23
39041.0,2020-03-18,2020-03-30
39043.0,2020-03-21,2020-03-21
39045.0,2020-03-24,2020-04-13
39047.0,2020-03-25,2020-08-22
39049.0,2020-03-14,2020-03-23
39051.0,2020-03-27,2020-07-31
39053.0,2020-03-22,2020-03-24
39055.0,2020-03-16,2020-04-08
39057.0,2020-03-22,2020-03-31
39059.0,2020-04-02,2020-05-30
39061.0,2020-03-19,2020-04-02
39063.0,2020-03-22,2020-04-10
39065.0,2020-04-02,2020-06-07
39067.0,2020-04-15,2020-06-20
39069.0,2020-04-08,2020-07-28
39071.0,2020-03-24,2020-04-29
39073.0,2020-04-11,2020-04-22
39075.0,2020-03-30,2020-04-20
39077.0,2020-03-18,2020-03-30
39079.0,2020-04-08,2020-08-26
39081.0,2020-03-26,2020-04-22
39083.0,2020-03-23,2020-04-02
39085.0,2020-03-17,2020-03-27
39087.0,2020-03-25,2020-05-20
39089.0,2020-03-21,2020-04-03
39091.0,2020-03-23,2020-06-30
39093.0,2020-03-14,2020-03-29
39095.0,2020-03-15,2020-03-20
39097.0,2020-03-23,2020-04-01
39099.0,2020-03-17,2020-03-26
39101.0,2020-03-20,2020-04-16
39103.0,2020-03-15,2020-03-29
39105.0,2020-04-07,2020-08-27
39107.0,2020-03-25,2020-04-04
39109.0,2020-03-18,2020-03-25
39111.0,2020-04-05,2020-05-15
39113.0,2020-03-19,2020-03-30
39115.0,2020-04-06,2020-11-04
39117.0,2020-04-01,2020-04-27
39119.0,2020-03-26,2020-06-02
39121.0,2020-04-09,2020-11-05
39123.0,2020-03-28,2020-05-01
39125.0,2020-04-06,2020-07-19
39127.0,2020-03-31,2020-05-05
39129.0,2020-03-25,2020-04-16
39131.0,2020-03-28,2020-11-07
39133.0,2020-03-22,2020-03-30
39135.0,2020-03-30,2020-04-09
39137.0,2020-04-06,2020-04-22
39139.0,2020-03-19,2020-04-09
39141.0,2020-03-30,2020-04-22
39143.0,2020-03-23,2020-04-08
39145.0,2020-04-06,2020-07-28
39147.0,2020-03-25,2020-03-31
39149.0,2020-03-27,2020-04-25
39151.0,2020-03-11,2020-03-23
39153.0,2020-03-14,2020-03-27
39155.0,2020-03-12,2020-03-26
39157.0,2020-03-14,2020-05-06
39159.0,2020-03-20,2020-05-28
39161.0,2020-03-28,2020-07-10
39163.0,2020-04-28,2020-05-25
39165.0,2020-03-20,2020-04-12
39167.0,2020-03-23,2020-04-10
39169.0,2020-03-25,2020-04-09
39171.0,2020-04-02,2020-04-15
39173.0,2020-03-22,2020-04-08
39175.0,2020-03-26,2020-04-09
40001.0,2020-03-25,2020-04-07
40003.0,2020-04-13,2020-12-02
40005.0,2020-04-02,2020-08-15
40007.0,2020-04-07,2020-10-21
40009.0,2020-03-30,2020-08-01
40011.0,2020-05-04,2020-08-28
40013.0,2020-03-25,2020-04-21
40015.0,2020-03-27,2020-04-15
40017.0,2020-03-16,2020-03-31
40019.0,2020-03-25,2020-04-27
40021.0,2020-03-27,2020-04-07
40023.0,2020-03-27,2020-05-28
40025.0,2020-04-21,2020-12-19
40027.0,2020-03-15,2020-03-24
40029.0,2020-05-19,2020-11-25
40031.0,2020-03-26,2020-04-21
40033.0,2020-03-30,2020-04-23
40035.0,2020-03-26,2020-08-11
40037.0,2020-03-25,2020-03-27
40039.0,2020-03-19,2020-10-07
40041.0,2020-03-25,2020-04-16
40043.0,2020-04-07,2020-09-01
40045.0,2020-06-21,2020-12-27
40047.0,2020-03-29,2020-04-10
40049.0,2020-03-20,2020-04-29
40051.0,2020-03-19,2020-04-15
40053.0,2020-04-03,2020-09-29
40055.0,2020-04-01,2020-04-01
40057.0,2020-07-01,2021-01-15
40059.0,2020-04-18,2020-09-18
40061.0,2020-04-17,2020-08-13
40063.0,2020-05-29,2020-07-17
40065.0,2020-03-14,2020-05-11
40067.0,2020-04-06,2020-11-06
40069.0,2020-04-14,2020-08-28
40071.0,2020-03-15,2020-04-01
40073.0,2020-04-02,2020-08-27
40075.0,2020-04-02,2020-06-23
40077.0,2020-03-27,2020-04-04
40079.0,2020-03-28,2020-05-08
40081.0,2020-03-26,2020-05-02
40083.0,2020-03-19,2020-04-29
40085.0,2020-03-30,2020-09-03
40087.0,2020-03-19,2020-04-30
40089.0,2020-04-03,2020-05-30
40091.0,2020-04-17,2020-05-19
40093.0,2020-04-03,2020-04-14
40095.0,2020-04-07,2020-08-06
40097.0,2020-03-24,2020-04-01
40099.0,2020-04-10,2020-08-26
40101.0,2020-03-22,2020-03-31
40103.0,2020-03-22,2020-07-03
40105.0,2020-03-28,2020-06-09
40107.0,2020-04-10,2020-08-07
40109.0,2020-03-13,2020-03-25
40111.0,2020-03-26,2020-07-29
40113.0,2020-03-25,2020-04-02
40115.0,2020-03-26,2020-04-24
40117.0,2020-03-17,2020-03-22
40119.0,2020-03-15,2020-04-25
40121.0,2020-03-27,2020-04-14
40123.0,2020-03-23,2020-04-14
40125.0,2020-03-25,2020-04-06
40127.0,2020-04-27,2020-08-25
40129.0,2020-07-10,2020-08-08
40131.0,2020-03-29,2020-04-14
40133.0,2020-03-29,2020-04-05
40135.0,2020-03-26,2020-03-28
40137.0,2020-03-25,2020-04-02
40139.0,2020-03-29,2020-04-14
40141.0,2020-04-04,2020-05-12
40143.0,2020-03-06,2020-03-19
40145.0,2020-03-24,2020-03-28
40147.0,2020-03-19,2020-04-04
40149.0,2020-05-14,2020-11-05
40151.0,2020-04-17,2020-11-10
40153.0,2020-04-02,2020-09-22
41001.0,2020-05-06,2020-08-20
41003.0,2020-03-16,2020-03-31
41005.0,2020-03-12,2020-03-24
41007.0,2020-03-24,2020-12-09
41009.0,2020-03-27,2020-08-13
41011.0,2020-04-11,2020-10-28
41013.0,2020-04-03,2020-07-09
41015.0,2020-04-06,2020-10-16
41017.0,2020-03-11,2020-07-15
41019.0,2020-03-08,2020-07-15
41021.0,2020-07-04,2020-12-07
41023.0,2020-03-20,2020-11-19
41025.0,2020-04-28,2020-11-20
41027.0,2020-03-23,2020-10-16
41029.0,2020-03-07,2020-07-29
41031.0,2020-04-14,2020-07-28
41033.0,2020-03-21,2020-04-11
41035.0,2020-03-07,2020-07-02
41037.0,2020-05-27,2020-11-25
41039.0,2020-03-17,2020-03-17
41041.0,2020-03-25,2020-06-22
41043.0,2020-03-11,2020-03-22
41045.0,2020-03-31,2020-06-07
41047.0,2020-03-08,2020-03-21
41049.0,2020-03-27,2020-06-21
41051.0,2020-03-10,2020-03-14
41053.0,2020-03-11,2020-04-03
41055.0,2020-04-05,2021-04-20
41057.0,2020-03-26,2021-01-05
41059.0,2020-03-11,2020-05-02
41061.0,2020-03-20,2020-06-26
41063.0,2020-03-31,2020-07-18
41065.0,2020-03-26,2020-04-26
41067.0,2020-02-28,2020-03-18
41069.0,2020-10-11,2020-12-30
41071.0,2020-03-15,2020-03-28
42001.0,2020-03-18,2020-04-09
42003.0,2020-03-14,2020-03-21
42005.0,2020-03-24,2020-04-11
42007.0,2020-03-17,2020-03-31
42009.0,2020-03-31,2020-04-11
42011.0,2020-03-18,2020-04-02
42013.0,2020-03-26,2020-05-18
42015.0,2020-03-24,2020-04-19
42017.0,2020-03-11,2020-03-28
42019.0,2020-03-21,2020-03-26
42021.0,2020-03-23,2020-04-07
42023.0,2020-03-28,2020-12-07
42025.0,2020-03-24,2020-03-31
42027.0,2020-03-20,2020-04-17
42029.0,2020-03-13,2020-03-31
42031.0,2020-03-28,2020-04-18
42033.0,2020-03-24,2020-08-11
42035.0,2020-04-03,2020-05-23
42037.0,2020-03-22,2020-04-07
42039.0,2020-03-26,2020-07-08
42041.0,2020-03-13,2020-03-28
42043.0,2020-03-22,2020-03-31
42045.0,2020-03-06,2020-03-26
42047.0,2020-04-07,2020-05-07
42049.0,2020-03-20,2020-04-04
42051.0,2020-03-22,2020-04-01
42053.0,2020-04-02,2020-10-07
42055.0,2020-03-20,2020-04-21
42057.0,2020-04-05,2020-05-08
42059.0,2020-03-25,2020-05-03
42061.0,2020-03-28,2020-05-20
42063.0,2020-03-26,2020-04-15
42065.0,2020-04-07,2020-06-12
42067.0,2020-03-24,2020-04-29
42069.0,2020-03-18,2020-03-23
42071.0,2020-03-19,2020-03-28
42073.0,2020-03-25,2020-03-29
42075.0,2020-03-19,2020-04-10
42077.0,2020-03-15,2020-03-26
42079.0,2020-03-15,2020-03-25
42081.0,2020-03-25,2020-04-21
42083.0,2020-03-28,2020-05-07
42085.0,2020-03-22,2020-04-17
42087.0,2020-03-29,2020-05-18
42089.0,2020-03-09,2020-03-23
42091.0,2020-03-07,2020-03-22
42093.0,2020-03-21,2020-05-15
42095.0,2020-03-12,2020-03-18
42097.0,2020-03-27,2020-05-18
42099.0,2020-03-28,2020-04-03
42101.0,2020-03-10,2020-03-25
42103.0,2020-03-12,2020-03-28
42105.0,2020-03-20,2020-10-14
42107.0,2020-03-22,2020-04-09
42109.0,2020-03-28,2020-03-31
42111.0,2020-03-24,2020-05-02
42113.0,2020-04-04,2020-10-14
42115.0,2020-03-26,2020-04-09
42117.0,2020-03-28,2020-04-11
42119.0,2020-03-30,2020-05-05
42121.0,2020-03-29,2020-08-22
42123.0,2020-03-25,2020-04-21
42125.0,2020-03-13,2020-04-14
42127.0,2020-03-06,2020-04-11
42129.0,2020-03-19,2020-04-08
42131.0,2020-04-04,2020-04-16
42133.0,2020-03-18,2020-04-02
44001.0,2020-03-25,2020-05-11
44003.0,2020-03-25,2020-04-25
44005.0,2020-03-25,2020-05-03
44007.0,2020-03-25,2020-04-01
44009.0,2020-03-25,2020-04-25
45001.0,2020-03-19,2020-07-07
45003.0,2020-03-20,2020-03-31
45005.0,2020-04-01,2020-04-23
45007.0,2020-03-15,2020-03-30
45009.0,2020-03-31,2020-06-27
45011.0,2020-03-30,2020-05-15
45013.0,2020-03-14,2020-03-30
45015.0,2020-03-20,2020-04-10
45017.0,2020-03-17,2020-03-31
45019.0,2020-03-06,2020-03-20
45021.0,2020-04-02,2020-05-15
45023.0,2020-03-23,2020-05-31
45025.0,2020-03-24,2020-04-30
45027.0,2020-03-20,2020-03-23
45029.0,2020-03-22,2020-04-15
45031.0,2020-03-20,2020-04-26
45033.0,2020-03-21,2020-05-17
45035.0,2020-03-19,2020-04-11
45037.0,2020-03-21,2020-04-20
45039.0,2020-03-16,2020-04-23
45041.0,2020-03-20,2020-03-20
45043.0,2020-03-23,2020-04-04
45045.0,2020-03-15,2020-03-27
45047.0,2020-03-21,2020-05-14
45049.0,2020-04-02,2020-05-11
45051.0,2020-03-15,2020-03-24
45053.0,2020-03-21,2020-04-19
45055.0,2020-03-06,2020-03-23
45057.0,2020-03-11,2020-04-14
45059.0,2020-03-28,2020-04-08
45061.0,2020-03-18,2020-04-01
45063.0,2020-03-14,2020-03-16
45065.0,2020-04-02,2020-04-08
45067.0,2020-03-25,2020-03-31
45069.0,2020-03-21,2020-05-04
45071.0,2020-03-21,2020-04-08
45073.0,2020-03-23,2020-06-20
45075.0,2020-03-20,2020-04-25
45077.0,2020-03-20,2020-04-29
45079.0,2020-03-17,2020-03-27
45081.0,2020-03-19,2020-05-29
45083.0,2020-03-08,2020-04-06
45085.0,2020-03-20,2020-03-24
45087.0,2020-03-25,2020-07-23
45089.0,2020-03-25,2020-05-01
45091.0,2020-03-17,2020-03-31
46003.0,2020-03-27,2020-11-05
46005.0,2020-03-10,2020-04-02
46007.0,2020-06-15,2020-09-10
46009.0,2020-03-11,2020-08-23
46011.0,2020-03-24,2020-08-01
46013.0,2020-03-22,2020-05-27
46015.0,2020-06-03,2020-10-01
46017.0,2020-04-28,2020-06-25
46019.0,2020-07-08,2020-07-15
46021.0,2020-07-03,2020-10-28
46023.0,2020-03-10,2020-11-01
46025.0,2020-03-29,2020-11-01
46027.0,2020-03-29,2020-08-21
46029.0,2020-03-23,2020-08-04
46031.0,2020-04-09,2020-09-10
46033.0,2020-06-04,2020-09-05
46035.0,2020-03-10,2020-03-10
46037.0,2020-04-29,2020-10-17
46039.0,2020-03-28,2020-10-29
46041.0,2020-06-06,2020-11-03
46043.0,2020-04-27,2020-09-25
46045.0,2020-05-29,2020-10-16
46047.0,2020-03-29,2020-08-28
46049.0,2020-03-27,2020-06-25
46051.0,2020-05-06,2020-09-12
46053.0,2020-05-31,2020-09-02
46055.0,2020-07-06,2020-10-01
46057.0,2020-03-28,2020-11-21
46059.0,2020-04-26,2020-10-03
46061.0,2020-06-03,2020-10-01
46063.0,2020-08-13,2020-12-23
46065.0,2020-03-23,2020-07-10
46067.0,2020-03-28,2020-08-22
46069.0,2020-04-13,2020-12-26
46071.0,2020-05-24,2020-06-19
46073.0,2020-04-09,2020-04-24
46075.0,2020-07-08,2020-12-02
46077.0,2020-05-29,2020-10-17
46079.0,2020-04-02,2020-06-09
46081.0,2020-03-27,2020-08-15
46083.0,2020-03-25,2020-06-17
46085.0,2020-03-23,2020-07-02
46087.0,2020-03-13,2020-04-09
46089.0,2020-04-25,2020-11-04
46091.0,2020-03-30,2020-10-21
46093.0,2020-03-25,2020-06-05
46095.0,2020-06-13,2020-10-20
46097.0,2020-04-10,2020-10-21
46099.0,2020-03-10,2020-04-09
46101.0,2020-04-16,2020-10-10
46102.0,2020-04-08,2020-07-16
46103.0,2020-03-23,2020-05-19
46105.0,2020-07-11,2020-11-21
46107.0,2020-07-23,2020-11-21
46109.0,2020-03-29,2020-07-29
46111.0,2020-04-11,2020-10-29
46115.0,2020-04-02,2020-10-10
46117.0,2020-04-24,2020-12-02
46119.0,2020-04-12,2020-11-15
46121.0,2020-03-27,2020-05-27
46123.0,2020-05-14,2020-10-01
46125.0,2020-03-29,2020-09-18
46127.0,2020-03-27,2020-06-11
46129.0,2020-04-12,2020-09-24
46135.0,2020-03-28,2020-07-09
46137.0,2020-05-06,2020-10-03
47001.0,2020-03-20,2020-04-08
47003.0,2020-03-25,2020-04-10
47005.0,2020-03-26,2020-04-23
47007.0,2020-03-28,2020-05-12
47009.0,2020-03-20,2020-04-05
47011.0,2020-03-20,2020-04-14
47013.0,2020-03-14,2020-04-15
47015.0,2020-03-26,2020-09-30
47017.0,2020-03-21,2020-04-20
47019.0,2020-03-28,2020-04-15
47021.0,2020-03-18,2020-06-29
47023.0,2020-03-22,2020-07-30
47025.0,2020-03-24,2020-08-16
47027.0,2020-04-01,2020-09-01
47029.0,2020-03-21,2020-07-16
47031.0,2020-03-29,2020-07-31
47033.0,2020-04-18,2020-05-13
47035.0,2020-03-19,2020-04-28
47037.0,2020-03-08,2020-03-21
47039.0,2020-04-08,2020-07-30
47041.0,2020-03-24,2020-07-19
47043.0,2020-03-20,2020-07-27
47045.0,2020-03-19,2020-06-30
47047.0,2020-03-21,2020-04-15
47049.0,2020-03-30,2020-09-10
47051.0,2020-03-22,2020-04-03
47053.0,2020-03-22,2020-04-22
47055.0,2020-03-30,2020-06-29
47057.0,2020-04-01,2020-08-14
47059.0,2020-03-20,2020-04-01
47061.0,2020-03-24,2020-04-14
47063.0,2020-03-20,2020-04-10
47065.0,2020-03-13,2020-04-01
47067.0,2020-05-19,2020-07-29
47069.0,2020-03-28,2020-06-19
47071.0,2020-03-24,2020-05-19
47073.0,2020-03-25,2020-04-03
47075.0,2020-03-29,2020-04-10
47077.0,2020-04-05,2020-08-06
47079.0,2020-03-29,2020-07-22
47081.0,2020-04-01,2020-08-13
47083.0,2020-03-22,2020-09-22
47085.0,2020-03-31,2020-04-25
47087.0,2020-04-02,2020-07-31
47089.0,2020-03-13,2020-04-15
47091.0,2020-03-28,2020-08-17
47093.0,2020-03-12,2020-03-31
47095.0,2020-04-13,2020-08-15
47097.0,2020-04-01,2020-05-18
47099.0,2020-03-30,2020-06-13
47101.0,2020-03-25,2020-07-25
47103.0,2020-03-24,2020-07-23
47105.0,2020-03-22,2020-06-11
47107.0,2020-03-22,2020-04-29
47109.0,2020-03-29,2020-07-08
47111.0,2020-03-26,2020-04-06
47113.0,2020-03-24,2020-04-19
47115.0,2020-03-22,2020-04-01
47117.0,2020-03-30,2020-04-10
47119.0,2020-03-20,2020-04-09
47121.0,2020-03-26,2020-08-17
47123.0,2020-03-21,2020-04-16
47125.0,2020-03-19,2020-04-05
47127.0,2020-04-15,2020-09-02
47129.0,2020-03-28,2020-06-16
47131.0,2020-03-29,2020-04-02
47133.0,2020-03-24,2020-07-01
47135.0,2020-03-22,2020-10-07
47137.0,2020-05-10,2020-07-17
47139.0,2020-04-02,2020-07-30
47141.0,2020-03-21,2020-04-16
47143.0,2020-04-17,2020-07-22
47145.0,2020-03-21,2020-07-25
47147.0,2020-03-18,2020-05-24
47149.0,2020-03-13,2020-04-01
47151.0,2020-03-21,2020-08-11
47153.0,2020-04-01,2020-08-11
47155.0,2020-03-16,2020-04-17
47157.0,2020-03-08,2020-03-29
47159.0,2020-03-27,2020-04-15
47161.0,2020-04-04,2020-09-08
47163.0,2020-03-10,2020-04-02
47165.0,2020-03-18,2020-04-01
47167.0,2020-03-20,2020-05-04
47169.0,2020-03-28,2020-04-01
47171.0,2020-03-26,2020-08-21
47173.0,2020-03-28,2020-08-24
47175.0,2020-04-13,2020-10-05
47177.0,2020-03-30,2020-07-15
47179.0,2020-03-19,2020-07-28
47181.0,2020-03-30,2020-07-24
47183.0,2020-03-28,2020-06-24
47185.0,2020-03-25,2020-06-13
47187.0,2020-03-05,2020-04-01
47189.0,2020-03-19,2020-04-10
48001.0,2020-04-01,2020-06-16
48003.0,2020-04-04,2020-07-04
48005.0,2020-03-26,2020-05-12
48007.0,2020-04-05,2020-07-27
48009.0,2020-05-15,2020-09-02
48011.0,2020-04-14,2020-09-11
48013.0,2020-03-25,2020-04-18
48015.0,2020-03-25,2020-07-26
48017.0,2020-05-05,2020-06-23
48019.0,2020-04-09,2020-07-27
48021.0,2020-03-21,2020-04-06
48023.0,2020-06-05,2020-09-24
48025.0,2020-04-08,2020-07-17
48027.0,2020-03-13,2020-03-26
48029.0,2020-02-12,2020-03-22
48031.0,2020-03-25,2020-05-30
48033.0,2020-09-23,2021-02-03
48035.0,2020-04-15,2020-07-27
48037.0,2020-03-16,2020-04-04
48039.0,2020-03-14,2020-03-31
48041.0,2020-03-17,2020-03-29
48043.0,2020-05-01,2020-06-30
48045.0,2020-05-02,2020-07-10
48047.0,2020-04-22,2020-07-25
48049.0,2020-03-20,2020-04-13
48051.0,2020-03-28,2020-07-27
48053.0,2020-03-25,2020-06-06
48055.0,2020-03-28,2020-06-17
48057.0,2020-03-26,2020-04-19
48059.0,2020-04-07,2020-05-07
48061.0,2020-03-19,2020-04-09
48063.0,2020-04-01,2020-06-11
48065.0,2020-04-18,2020-10-30
48067.0,2020-03-20,2020-04-06
48069.0,2020-03-21,2020-04-04
48071.0,2020-03-24,2020-06-06
48073.0,2020-03-27,2020-04-14
48075.0,2020-04-19,2020-11-26
48077.0,2020-04-01,2020-07-27
48079.0,2020-04-23,2020-08-21
48081.0,2020-05-05,2020-06-23
48083.0,2020-05-02,2020-08-19
48085.0,2020-03-09,2020-03-18
48087.0,2020-05-05,2020-11-24
48089.0,2020-04-01,2020-07-26
48091.0,2020-03-24,2020-03-26
48093.0,2020-04-01,2020-04-30
48095.0,2020-04-10,2020-07-27
48097.0,2020-04-10,2020-07-27
48099.0,2020-03-25,2020-04-16
48101.0,2020-04-27,2020-05-09
48103.0,2020-03-19,2020-05-27
48105.0,2020-06-05,2020-07-13
48107.0,2020-04-07,2020-04-15
48109.0,2020-06-20,2020-07-11
48111.0,2020-04-07,2020-04-23
48113.0,2020-03-10,2020-03-19
48115.0,2020-03-29,2020-04-09
48117.0,2020-03-21,2020-05-12
48119.0,2020-04-08,2020-11-20
48121.0,2020-03-15,2020-03-26
48123.0,2020-03-19,2020-04-21
48125.0,2020-04-08,2020-07-27
48127.0,2020-04-11,2020-07-31
48129.0,2020-04-02,2020-08-19
48131.0,2020-04-14,2020-07-27
48133.0,2020-03-25,2020-07-27
48135.0,2020-03-29,2020-04-09
48137.0,2020-06-25,2020-08-26
48139.0,2020-03-17,2020-03-30
48141.0,2020-03-13,2020-04-09
48143.0,2020-03-25,2020-04-03
48145.0,2020-03-24,2020-07-27
48147.0,2020-03-20,2020-05-06
48149.0,2020-03-25,2020-04-24
48151.0,2020-05-15,2020-05-23
48153.0,2020-04-08,2020-06-12
48155.0,2020-07-10,2020-10-24
48157.0,2020-03-04,2020-03-27
48159.0,2020-03-29,2020-07-09
48161.0,2020-04-15,2020-08-29
48163.0,2020-04-08,2020-07-17
48165.0,2020-03-25,2020-08-07
48167.0,2020-03-13,2020-04-04
48169.0,2020-04-30,2020-07-10
48171.0,2020-04-02,2020-07-27
48173.0,2020-04-30,2020-12-03
48175.0,2020-04-02,2020-07-23
48177.0,2020-04-01,2020-04-25
48179.0,2020-04-01,2020-05-19
48181.0,2020-03-24,2020-05-20
48183.0,2020-03-11,2020-05-20
48185.0,2020-03-25,2020-04-16
48187.0,2020-03-25,2020-06-19
48189.0,2020-03-25,2020-04-09
48191.0,2020-05-20,2020-06-11
48193.0,2020-04-07,2020-05-23
48195.0,2020-04-07,2020-05-04
48197.0,2020-05-23,2020-10-07
48199.0,2020-03-25,2020-03-28
48201.0,2020-03-05,2020-03-19
48203.0,2020-03-27,2020-04-03
48205.0,2020-04-20,2020-05-05
48207.0,2020-05-15,2020-08-21
48209.0,2020-03-14,2020-04-13
48211.0,2020-04-04,2020-10-31
48213.0,2020-03-29,2020-05-29
48215.0,2020-03-24,2020-04-07
48217.0,2020-03-30,2020-04-16
48219.0,2020-03-20,2020-04-03
48221.0,2020-03-27,2020-04-03
48223.0,2020-03-25,2020-06-19
48225.0,2020-04-19,2020-07-27
48227.0,2020-04-10,2020-04-11
48229.0,2020-05-26,2020-07-27
48231.0,2020-03-25,2020-04-13
48233.0,2020-04-04,2020-07-17
48235.0,2020-06-02,2021-01-07
48237.0,2020-04-09,2020-09-01
48239.0,2020-03-26,2020-05-14
48241.0,2020-04-02,2020-04-09
48243.0,2020-06-26,2020-12-05
48245.0,2020-03-24,2020-04-03
48247.0,2020-04-23,2020-07-27
48249.0,2020-04-02,2020-07-27
48251.0,2020-03-19,2020-04-13
48253.0,2020-04-08,2020-10-13
48255.0,2020-03-26,2020-07-27
48257.0,2020-03-25,2020-04-30
48259.0,2020-03-25,2020-07-27
48261.0,2020-07-03,2020-07-29
48263.0,2020-07-14,2020-11-16
48265.0,2020-04-01,2020-06-05
48267.0,2020-05-08,2020-08-07
48269.0,2020-10-13,
48271.0,2020-05-30,2020-08-22
48273.0,2020-03-29,2020-04-13
48275.0,2020-04-07,2020-08-06
48277.0,2020-03-25,2020-05-10
48279.0,2020-03-28,2020-07-16
48281.0,2020-04-03,2020-07-27
48283.0,2020-04-16,2020-07-27
48285.0,2020-03-18,2020-04-25
48287.0,2020-04-02,2020-05-31
48289.0,2020-03-30,2020-07-25
48291.0,2020-03-25,2020-05-04
48293.0,2020-03-25,2020-04-04
48295.0,2020-04-28,2020-09-30
48297.0,2020-04-01,2020-07-17
48299.0,2020-03-25,2020-07-31
48301.0,2020-11-17,2022-03-04
48303.0,2020-03-17,2020-03-30
48305.0,2020-03-28,2020-04-21
48307.0,2020-04-09,2020-07-29
48309.0,2020-03-18,2020-03-31
48311.0,2020-07-14,2020-09-26
48313.0,2020-04-09,2020-08-01
48315.0,2020-04-16,2020-05-27
48317.0,2020-03-26,2020-05-05
48319.0,2020-04-04,2020-08-29
48321.0,2020-03-16,2020-03-16
48323.0,2020-03-25,2020-05-20
48325.0,2020-03-18,2020-04-09
48327.0,2020-06-22,2020-11-07
48329.0,2020-03-21,2020-03-25
48331.0,2020-03-25,2020-04-24
48333.0,2020-05-19,2020-10-21
48335.0,2020-04-07,2020-08-07
48337.0,2020-03-27,2020-04-21
48339.0,2020-03-10,2020-04-01
48341.0,2020-03-30,2020-04-20
48343.0,2020-03-23,2020-07-27
48345.0,2020-04-13,2020-11-26
48347.0,2020-03-26,2020-04-03
48349.0,2020-03-27,2020-04-02
48351.0,2020-04-01,2020-07-26
48353.0,2020-04-24,2020-07-18
48355.0,2020-03-24,2020-04-20
48357.0,2020-04-24,2020-04-25
48359.0,2020-03-21,2020-03-25
48361.0,2020-03-25,2020-04-29
48363.0,2020-04-02,2020-04-11
48365.0,2020-04-02,2020-04-03
48367.0,2020-03-24,2020-05-21
48369.0,2020-04-19,2020-06-22
48371.0,2020-04-06,2020-07-07
48373.0,2020-03-29,2020-07-16
48375.0,2020-03-21,2020-04-05
48377.0,2020-05-25,2020-08-08
48379.0,2020-04-10,2020-07-15
48381.0,2020-03-27,2020-04-06
48383.0,2020-05-27,2020-07-18
48385.0,2020-06-05,2020-08-06
48387.0,2020-04-16,2020-05-20
48389.0,2020-05-08,2020-07-07
48391.0,2020-05-04,2020-08-05
48393.0,2020-04-16,2020-11-26
48395.0,2020-03-25,2020-07-27
48397.0,2020-03-26,2020-04-27
48399.0,2020-04-28,2020-07-25
48401.0,2020-03-18,2020-04-17
48403.0,2020-04-09,2020-06-03
48405.0,2020-04-01,2020-04-03
48407.0,2020-03-29,2020-07-12
48409.0,2020-03-25,2020-07-27
48411.0,2020-05-19,2020-10-21
48413.0,2020-06-13,2020-07-08
48415.0,2020-04-09,2020-07-07
48417.0,2020-05-07,2020-12-17
48419.0,2020-03-27,2020-04-30
48421.0,2020-04-16,2020-10-01
48423.0,2020-03-13,2020-03-26
48425.0,2020-06-09,2020-08-21
48427.0,2020-03-27,2020-06-23
48429.0,2020-04-10,2020-07-27
48431.0,2020-08-13,2020-11-13
48433.0,2020-07-18,2020-08-21
48435.0,2020-06-19,2020-07-27
48437.0,2020-03-29,2020-06-06
48439.0,2020-03-10,2020-03-20
48441.0,2020-03-27,2020-04-04
48443.0,2020-06-23,2020-11-24
48445.0,2020-03-25,2020-07-27
48447.0,2020-07-03,2020-08-06
48449.0,2020-04-03,2020-05-15
48451.0,2020-03-25,2020-04-10
48453.0,2020-03-13,2020-03-27
48455.0,2020-04-04,2020-07-27
48457.0,2020-04-04,2020-07-26
48459.0,2020-03-20,2020-07-25
48461.0,2020-06-19,2020-07-27
48463.0,2020-03-27,2020-06-25
48465.0,2020-03-26,2020-07-08
48467.0,2020-03-19,2020-03-29
48469.0,2020-03-24,2020-04-15
48471.0,2020-03-25,2020-04-22
48473.0,2020-03-29,2020-07-26
48475.0,2020-05-23,2020-07-18
48477.0,2020-03-28,2020-04-05
48479.0,2020-03-18,2020-03-30
48481.0,2020-03-25,2020-06-04
48483.0,2020-04-22,2020-11-13
48485.0,2020-03-18,2020-04-15
48487.0,2020-04-14,2020-07-27
48489.0,2020-03-27,2020-04-04
48491.0,2020-03-18,2020-03-29
48493.0,2020-03-25,2020-04-14
48495.0,2020-04-10,2020-07-27
48497.0,2020-03-30,2020-04-16
48499.0,2020-04-01,2020-05-20
48501.0,2020-04-18,2020-07-22
48503.0,2020-03-27,2020-04-15
48505.0,2020-04-06,2020-07-16
48507.0,2020-04-17,2020-07-08
48999.0,2022-04-24,
49001.0,2020-06-15,2020-10-29
49003.0,2020-03-18,2020-04-20
49005.0,2020-03-18,2020-05-25
49007.0,2020-04-03,2020-10-12
49009.0,2020-09-10,
49011.0,2020-03-06,2020-03-22
49013.0,2020-04-03,2020-11-12
49015.0,2020-04-03,2020-10-04
49017.0,2020-03-28,2020-07-13
49019.0,2020-04-03,2020-08-10
49021.0,2020-03-23,2020-07-17
49023.0,2020-04-03,2020-07-30
49025.0,2020-04-02,2020-08-05
49027.0,2020-04-03,2020-10-07
49029.0,2020-03-26,2020-11-13
49031.0,2020-05-07,2020-11-03
49033.0,2020-06-12,
49035.0,2020-02-25,2020-04-01
49037.0,2020-03-28,2020-04-17
49039.0,2020-04-18,2020-08-15
49041.0,2020-04-15,2020-07-22
49043.0,2020-03-14,2020-07-03
49045.0,2020-03-16,2020-10-02
49047.0,2020-03-27,2020-11-12
49049.0,2020-03-15,2020-04-16
49051.0,2020-03-16,2020-04-11
49053.0,2020-03-06,2020-07-13
49055.0,2020-07-27,
49057.0,2020-03-10,2020-03-31
50001.0,2020-03-20,2020-04-12
50003.0,2020-03-07,2020-04-08
50005.0,2020-03-24,2020-11-30
50007.0,2020-03-11,2020-03-19
50009.0,2020-04-08,2021-02-16
50011.0,2020-03-21,2020-04-08
50013.0,2020-04-07,2021-03-16
50015.0,2020-03-25,2020-04-08
50017.0,2020-03-16,2020-12-15
50019.0,2020-03-24,2020-11-07
50021.0,2020-03-20,2020-04-16
50023.0,2020-03-14,2020-04-16
50025.0,2020-03-21,2020-04-08
50027.0,2020-03-14,2020-03-19
51001.0,2020-03-20,2020-04-21
51003.0,2020-03-21,2020-04-21
51005.0,2020-03-29,2020-05-22
51007.0,2020-03-26,2020-04-21
51009.0,2020-03-22,2020-04-21
51011.0,2020-04-06,2020-08-22
51013.0,2020-03-11,2020-03-29
51015.0,2020-04-01,2020-04-23
51017.0,2020-07-08,2020-09-17
51019.0,2020-03-22,2020-05-07
51021.0,2020-06-19,2020-09-03
51023.0,2020-03-21,2020-04-21
51025.0,2020-03-31,2020-05-15
51027.0,2020-04-07,2020-08-11
51029.0,2020-03-31,2020-05-08
51031.0,2020-03-31,2020-05-14
51033.0,2020-04-03,2020-04-30
51035.0,2020-03-31,2020-05-20
51036.0,2020-03-18,2020-04-21
51037.0,2020-04-04,2020-10-20
51041.0,2020-03-14,2020-04-13
51043.0,2020-03-31,2020-09-30
51045.0,2020-04-07,2020-11-24
51047.0,2020-03-22,2020-04-21
51049.0,2020-04-02,2020-09-15
51051.0,2020-06-16,2020-08-05
51053.0,2020-04-07,2020-07-03
51057.0,2020-04-16,2020-07-25
51059.0,2020-03-07,2020-03-21
51061.0,2020-03-26,2020-04-21
51063.0,2020-04-09,2020-06-04
51065.0,2020-03-22,2020-04-21
51067.0,2020-03-21,2020-05-14
51069.0,2020-03-25,2020-04-28
51071.0,2020-04-06,2020-12-01
51073.0,2020-03-20,2020-04-21
51075.0,2020-03-17,2020-04-14
51077.0,2020-04-28,2020-06-09
51079.0,2020-03-26,2020-04-21
51081.0,2020-03-29,2020-04-21
51083.0,2020-03-24,2020-06-03
51085.0,2020-03-12,2020-04-21
51087.0,2020-03-17,2020-03-25
51089.0,2020-03-30,2020-04-21
51091.0,2020-04-22,2021-03-03
51093.0,2020-03-21,2020-04-21
51095.0,2020-03-12,2020-03-14
51097.0,2020-03-31,2020-05-28
51099.0,2020-03-26,2020-04-21
51101.0,2020-03-30,2020-04-29
51103.0,2020-03-28,2020-10-20
51105.0,2020-03-22,2020-07-31
51107.0,2020-03-10,2020-04-13
51109.0,2020-03-22,2020-05-22
51111.0,2020-04-07,2020-07-30
51113.0,2020-03-25,2020-05-04
51115.0,2020-03-25,2020-11-17
51117.0,2020-03-21,2020-04-21
51119.0,2020-04-09,2020-07-20
51121.0,2020-03-28,2020-04-25
51125.0,2020-03-25,2020-09-15
51127.0,2020-03-28,2020-04-21
51131.0,2020-03-26,2020-05-03
51133.0,2020-03-28,2020-05-07
51135.0,2020-03-25,2020-06-23
51137.0,2020-03-25,2020-05-29
51139.0,2020-03-31,2020-04-29
51141.0,2020-04-21,2020-06-24
51143.0,2020-03-26,2020-04-21
51145.0,2020-03-28,2020-06-19
51147.0,2020-03-12,2020-04-11
51149.0,2020-03-26,2020-06-27
51153.0,2020-03-12,2020-04-01
51155.0,2020-04-03,2020-06-06
51157.0,2020-04-07,2020-07-11
51159.0,2020-04-03,2020-05-05
51161.0,2020-03-25,2020-05-14
51163.0,2020-03-23,2020-08-06
51165.0,2020-03-22,2020-04-21
51167.0,2020-04-06,2020-07-24
51169.0,2020-04-10,2020-04-21
51171.0,2020-03-25,2020-04-11
51173.0,2020-03-30,2020-06-24
51175.0,2020-03-26,2020-04-21
51177.0,2020-03-14,2020-04-21
51179.0,2020-03-16,2020-04-12
51181.0,2020-03-31,2020-04-21
51183.0,2020-04-01,2020-04-21
51185.0,2020-03-29,2020-08-26
51187.0,2020-03-26,2020-05-09
51191.0,2020-03-26,2020-04-21
51193.0,2020-04-03,2020-05-28
51195.0,2020-04-03,2020-04-11
51197.0,2020-03-29,2020-04-21
51199.0,2020-03-16,2020-04-07
51510.0,2020-03-12,2020-04-07
51520.0,2020-03-27,2020-08-17
51530.0,2020-04-03,2020-08-04
51540.0,2020-03-17,2020-04-07
51550.0,2020-03-24,2020-04-03
51570.0,2020-04-10,2020-04-21
51580.0,2020-05-09,2020-11-24
51590.0,2020-03-23,2020-04-21
51595.0,2020-04-03,2020-04-21
51600.0,2020-04-10,2020-04-21
51610.0,2020-04-13,2020-04-21
51620.0,2020-03-31,2020-05-01
51630.0,2020-03-25,2020-06-04
51640.0,2020-03-27,2020-06-03
51650.0,2020-03-26,2020-04-07
51660.0,2020-03-13,2020-04-22
51670.0,2020-03-28,2020-06-01
51678.0,2020-04-03,2020-09-04
51680.0,2020-03-26,2020-04-21
51683.0,2020-03-25,2020-04-23
51685.0,2020-03-29,2020-04-21
51690.0,2020-04-28,2020-05-23
51700.0,2020-03-20,2020-03-22
51710.0,2020-03-20,2020-04-03
51720.0,2020-04-21,2020-12-22
51730.0,2020-03-30,2020-04-21
51735.0,2020-03-26,2020-09-07
51740.0,2020-03-20,2020-04-03
51750.0,2020-03-26,2020-09-19
51760.0,2020-03-18,2020-04-01
51770.0,2020-03-27,2020-05-07
51775.0,2020-04-02,2020-05-22
51790.0,2020-04-04,2020-10-18
51800.0,2020-03-21,2020-04-21
51810.0,2020-03-09,2020-04-03
51820.0,2020-03-31,2020-07-18
51830.0,2020-03-17,2020-03-22
51840.0,2020-03-29,2020-05-12
53001.0,2020-03-23,2020-07-25
53003.0,2020-04-03,2020-04-20
53005.0,2020-03-18,2020-03-18
53007.0,2020-03-04,2020-03-08
53009.0,2020-03-19,2020-08-16
53011.0,2020-03-06,2020-03-17
53013.0,2020-03-12,2020-08-02
53015.0,2020-03-20,2020-07-15
53017.0,2020-03-23,2020-04-14
53019.0,2020-03-25,2020-11-03
53021.0,2020-03-17,2020-04-03
53023.0,2020-07-12,2020-12-17
53025.0,2020-03-13,2020-03-26
53027.0,2020-03-12,2020-07-15
53029.0,2020-03-11,2020-03-19
53031.0,2020-03-06,2020-11-25
53033.0,2020-02-28,2020-02-29
53035.0,2020-03-08,2020-03-27
53037.0,2020-03-07,2020-07-21
53039.0,2020-03-14,2020-03-29
53041.0,2020-03-15,2020-04-06
53043.0,2020-03-15,2020-08-19
53045.0,2020-03-17,2020-04-26
53047.0,2020-03-25,2020-04-22
53049.0,2020-04-10,2020-05-12
53051.0,2020-04-02,2020-10-19
53053.0,2020-03-06,2020-03-18
53055.0,2020-03-20,2022-01-18
53057.0,2020-03-10,2020-03-23
53059.0,2020-03-27,2020-07-21
53061.0,2020-01-21,2020-03-11
53063.0,2020-02-24,2020-03-27
53065.0,2020-03-20,2020-04-13
53067.0,2020-03-11,2020-04-04
53069.0,2020-04-04,2021-05-28
53071.0,2020-03-02,2020-05-09
53073.0,2020-03-10,2020-03-19
53075.0,2020-03-22,2020-10-06
53077.0,2020-03-12,2020-03-24
54001.0,2020-04-01,2020-04-23
54003.0,2020-03-24,2020-04-16
54005.0,2020-04-08,2020-09-16
54007.0,2020-04-08,2020-12-10
54009.0,2020-04-07,2020-07-27
54011.0,2020-03-29,2020-07-17
54013.0,2020-04-26,2021-05-26
54015.0,2020-05-06,2020-06-23
54017.0,2020-07-25,2020-09-25
54019.0,2020-04-07,2020-05-16
54021.0,2020-04-25,2020-12-19
54023.0,2020-04-12,2020-08-04
54025.0,2020-03-27,2020-06-27
54027.0,2020-04-08,2020-04-19
54029.0,2020-03-27,2020-10-22
54031.0,2020-03-31,2020-09-19
54033.0,2020-03-24,2020-04-06
54035.0,2020-03-20,2020-04-02
54037.0,2020-03-17,2020-04-28
54039.0,2020-03-20,2020-04-19
54041.0,2020-04-06,2020-05-22
54043.0,2020-04-14,2020-08-24
54045.0,2020-03-25,2020-04-12
54047.0,2020-04-07,2020-11-13
54049.0,2020-03-25,2020-03-29
54051.0,2020-03-21,2020-08-04
54053.0,2020-03-26,2020-07-23
54055.0,2020-03-18,2020-07-28
54057.0,2020-04-03,2020-05-25
54059.0,2020-04-12,2020-04-15
54061.0,2020-03-19,2020-04-05
54063.0,2020-04-11,2020-08-27
54065.0,2020-03-29,2020-11-21
54067.0,2020-04-07,2020-05-11
54069.0,2020-03-25,2020-04-13
54071.0,2020-04-02,2020-06-05
54073.0,2020-03-27,2020-08-07
54075.0,2020-04-27,2020-12-01
54077.0,2020-03-24,2020-05-26
54079.0,2020-03-21,2020-05-01
54081.0,2020-03-25,2020-07-31
54083.0,2020-03-30,2020-09-03
54085.0,2020-05-03,2020-11-13
54087.0,2020-03-30,2020-06-04
54089.0,2020-04-11,2020-10-14
54091.0,2020-04-06,2020-08-04
54093.0,2020-03-19,2020-12-17
54095.0,2020-04-07,2020-11-19
54097.0,2020-03-26,2020-10-21
54099.0,2020-04-09,2020-04-15
54101.0,2020-07-06,2021-02-16
54103.0,2020-03-29,2020-10-21
54105.0,2020-03-29,2020-11-07
54107.0,2020-03-24,2020-04-17
54109.0,2020-04-07,2020-07-27
55001.0,2020-04-02,2020-04-14
55003.0,2020-03-31,2020-08-05
55005.0,2020-04-03,2020-06-30
55007.0,2020-03-19,2020-04-18
55009.0,2020-03-18,2020-04-09
55011.0,2020-03-31,2020-04-05
55013.0,2020-05-14,2020-05-14
55015.0,2020-03-19,2020-05-10
55017.0,2020-03-20,2020-10-13
55019.0,2020-03-26,2020-04-19
55021.0,2020-03-19,2020-04-06
55023.0,2020-04-01,2020-10-28
55025.0,2020-02-05,2020-03-25
55027.0,2020-03-23,2020-04-14
55029.0,2020-03-30,2020-04-14
55031.0,2020-03-20,2020-10-13
55033.0,2020-03-20,2020-09-30
55035.0,2020-03-19,2020-06-22
55037.0,2020-04-05,2020-09-21
55039.0,2020-03-11,2020-03-19
55041.0,2020-05-06,2020-05-27
55043.0,2020-03-25,2020-04-09
55045.0,2020-03-20,2020-06-14
55047.0,2020-04-13,2020-10-09
55049.0,2020-03-25,2020-10-15
55051.0,2020-03-27,2020-03-27
55053.0,2020-03-30,2020-04-13
55055.0,2020-03-20,2020-05-09
55057.0,2020-03-25,2020-04-12
55059.0,2020-03-17,2020-04-04
55061.0,2020-04-06,2020-04-14
55063.0,2020-03-18,2020-07-18
55065.0,2020-04-07,2020-10-15
55067.0,2020-05-21,2020-07-08
55069.0,2020-05-01,2020-08-18
55071.0,2020-04-04,2020-04-26
55073.0,2020-03-20,2020-04-11
55075.0,2020-03-27,2020-04-15
55077.0,2020-03-30,2020-04-18
55078.0,2020-04-01,2020-09-15
55079.0,2020-03-13,2020-03-20
55081.0,2020-03-25,2020-04-28
55083.0,2020-03-31,2020-08-12
55085.0,2020-03-28,2020-09-05
55087.0,2020-03-16,2020-04-03
55089.0,2020-03-19,2020-03-19
55091.0,2020-05-14,2020-11-11
55093.0,2020-03-09,2020-08-07
55095.0,2020-04-10,2020-05-20
55097.0,2020-03-26,2020-08-25
55099.0,2020-04-11,2020-10-23
55101.0,2020-03-13,2020-04-03
55103.0,2020-03-27,2020-04-16
55105.0,2020-03-20,2020-04-01
55107.0,2020-04-03,2020-07-07
55109.0,2020-03-20,2020-06-19
55111.0,2020-03-19,2020-03-27
55113.0,2020-04-09,2020-09-09
55115.0,2020-04-04,2020-09-17
55117.0,2020-03-13,2020-04-01
55119.0,2020-05-21,2020-08-09
55121.0,2020-04-02,2020-07-19
55123.0,2020-04-24,2020-09-29
55125.0,2020-03-26,2020-09-11
55127.0,2020-03-19,2020-04-14
55129.0,2020-04-14,2020-09-11
55131.0,2020-03-18,2020-03-31
55133.0,2020-03-11,2020-03-31
55135.0,2020-03-27,2020-03-28
55137.0,2020-04-06,2020-08-07
55139.0,2020-03-14,2020-04-06
55141.0,2020-03-16,2020-05-23
56001.0,2020-03-25,2020-10-13
56003.0,2020-04-12,2020-08-14
56005.0,2020-03-20,2020-07-21
56007.0,2020-03-21,2020-05-18
56009.0,2020-03-28,2020-10-29
56011.0,2020-04-04,2020-10-22
56013.0,2020-03-13,2020-04-21
56015.0,2020-03-27,2020-08-17
56017.0,2020-03-26,2020-12-01
56019.0,2020-03-26,2020-04-13
56021.0,2020-03-17,2020-04-15
56023.0,2020-04-03,2020-09-01
56025.0,2020-03-20,2020-05-28
56027.0,2020-04-10,2020-12-07
56029.0,2020-03-17,2020-09-01
56031.0,2020-05-21,2020-08-17
56033.0,2020-03-11,2020-08-17
56035.0,2020-03-28,2020-08-21
56037.0,2020-03-24,2020-07-14
56039.0,2020-03-18,2020-04-23
56041.0,2020-04-02,2020-07-28
56043.0,2020-03-27,2020-05-21
56045.0,2020-05-27,2020-11-04
69100.0,2022-01-20,
69110.0,2020-07-14,2020-07-14
69120.0,2020-07-14,
72001.0,2020-05-05,
72003.0,2020-05-05,
72005.0,2020-05-05,
72007.0,2020-05-05,
72009.0,2020-05-05,
72011.0,2020-05-05,
72013.0,2020-05-05,
72015.0,2020-05-05,
72017.0,2020-05-05,
72019.0,2020-05-05,
72021.0,2020-05-05,
72023.0,2020-05-05,
72025.0,2020-05-05,
72027.0,2020-05-05,
72029.0,2020-05-05,
72031.0,2020-05-05,
72033.0,2020-05-05,
72035.0,2020-05-05,
72037.0,2020-05-05,
72039.0,2020-05-05,
72041.0,2020-05-05,
72043.0,2020-05-05,
72045.0,2020-05-05,
72047.0,2020-05-05,
72049.0,2020-05-29,
72051.0,2020-05-05,
72053.0,2020-05-05,
72054.0,2020-05-05,
72055.0,2020-05-05,
72057.0,2020-05-05,
72059.0,2020-05-05,
72061.0,2020-05-05,
72063.0,2020-05-05,
72065.0,2020-05-05,
72067.0,2020-05-05,
72069.0,2020-05-05,
72071.0,2020-05-05,
72073.0,2020-05-05,
72075.0,2020-05-05,
72077.0,2020-05-05,
72079.0,2020-05-05,
72081.0,2020-05-05,
72083.0,2020-05-05,
72085.0,2020-05-05,
72087.0,2020-05-05,
72089.0,2020-05-05,
72091.0,2020-05-05,
72093.0,2020-05-16,
72095.0,2020-05-05,
72097.0,2020-05-05,
72099.0,2020-05-05,
72101.0,2020-05-05,
72103.0,2020-05-05,
72105.0,2020-05-05,
72107.0,2020-05-05,
72109.0,2020-05-05,
72111.0,2020-05-05,
72113.0,2020-05-05,
72115.0,2020-05-05,
72117.0,2020-05-05,
72119.0,2020-05-05,
72121.0,2020-05-05,
72123.0,2020-05-05,
72125.0,2020-05-05,
72127.0,2020-05-05,
72129.0,2020-05-05,
72131.0,2020-05-05,
72133.0,2020-05-05,
72135.0,2020-05-05,
72137.0,2020-05-05,
72139.0,2020-05-05,
72141.0,2020-05-05,
72143.0,2020-05-05,
72145.0,2020-05-05,
72147.0,2020-05-07,
72149.0,2020-05-05,
72151.0,2020-05-05,
72153.0,2020-05-05,
78010.0,2020-04-06,2020-07-23
78020.0,2020-04-06,2020-09-03
78030.0,2020-04-06,2020-07-23
